town,name,type,phone,sample_url,message,wa_link,send_status
Alexandra,Tops,alcohol,,https://thabs1234.github.io/sitecraft-sa/samples/townships/alexandra-tops.html,"Hi Tops 👋 Thabang from SiteCraft SA here. I noticed a lot of Alexandra alcohol businesses aren't easy to find on Google — so I built you a FREE sample site to show what's possible: https://thabs1234.github.io/sitecraft-sa/samples/townships/alexandra-tops.html
No catch, just proof. If you like it, the real version is R1,500 setup + R450/month and comes WhatsApp-ready. Want it to be yours? Reply SITECRAFT.",,no_phone
Alexandra,Blackboard Bakery,bakery,,https://thabs1234.github.io/sitecraft-sa/samples/townships/alexandra-blackboard-bakery.html,"Hi Blackboard Bakery 👋 Thabang from SiteCraft SA here. I noticed a lot of Alexandra bakery businesses aren't easy to find on Google — so I built you a FREE sample site to show what's possible: https://thabs1234.github.io/sitecraft-sa/samples/townships/alexandra-blackboard-bakery.html
No catch, just proof. If you like it, the real version is R1,500 setup + R450/month and comes WhatsApp-ready. Want it to be yours? Reply SITECRAFT.",,no_phone
Alexandra,ABSA,bank,,https://thabs1234.github.io/sitecraft-sa/samples/townships/alexandra-absa.html,"Hi ABSA 👋 Thabang from SiteCraft SA here. I noticed a lot of Alexandra bank businesses aren't easy to find on Google — so I built you a FREE sample site to show what's possible: https://thabs1234.github.io/sitecraft-sa/samples/townships/alexandra-absa.html
No catch, just proof. If you like it, the real version is R1,500 setup + R450/month and comes WhatsApp-ready. Want it to be yours? Reply SITECRAFT.",,no_phone
Alexandra,Capitec Bank,bank,,https://thabs1234.github.io/sitecraft-sa/samples/townships/alexandra-capitec-bank.html,"Hi Capitec Bank 👋 Thabang from SiteCraft SA here. I noticed a lot of Alexandra bank businesses aren't easy to find on Google — so I built you a FREE sample site to show what's possible: https://thabs1234.github.io/sitecraft-sa/samples/townships/alexandra-capitec-bank.html
No catch, just proof. If you like it, the real version is R1,500 setup + R450/month and comes WhatsApp-ready. Want it to be yours? Reply SITECRAFT.",,no_phone
Alexandra,FNB,bank,,https://thabs1234.github.io/sitecraft-sa/samples/townships/alexandra-fnb.html,"Hi FNB 👋 Thabang from SiteCraft SA here. I noticed a lot of Alexandra bank businesses aren't easy to find on Google — so I built you a FREE sample site to show what's possible: https://thabs1234.github.io/sitecraft-sa/samples/townships/alexandra-fnb.html
No catch, just proof. If you like it, the real version is R1,500 setup + R450/month and comes WhatsApp-ready. Want it to be yours? Reply SITECRAFT.",,no_phone
Alexandra,FNB,bank,,https://thabs1234.github.io/sitecraft-sa/samples/townships/alexandra-fnb.html,"Hi FNB 👋 Thabang from SiteCraft SA here. I noticed a lot of Alexandra bank businesses aren't easy to find on Google — so I built you a FREE sample site to show what's possible: https://thabs1234.github.io/sitecraft-sa/samples/townships/alexandra-fnb.html
No catch, just proof. If you like it, the real version is R1,500 setup + R450/month and comes WhatsApp-ready. Want it to be yours? Reply SITECRAFT.",,no_phone
Alexandra,FNB Learning Centre,bank,,https://thabs1234.github.io/sitecraft-sa/samples/townships/alexandra-fnb-learning-centre.html,"Hi FNB Learning Centre 👋 Thabang from SiteCraft SA here. I noticed a lot of Alexandra bank businesses aren't easy to find on Google — so I built you a FREE sample site to show what's possible: https://thabs1234.github.io/sitecraft-sa/samples/townships/alexandra-fnb-learning-centre.html
No catch, just proof. If you like it, the real version is R1,500 setup + R450/month and comes WhatsApp-ready. Want it to be yours? Reply SITECRAFT.",,no_phone
Alexandra,Nedbank,bank,,https://thabs1234.github.io/sitecraft-sa/samples/townships/alexandra-nedbank.html,"Hi Nedbank 👋 Thabang from SiteCraft SA here. I noticed a lot of Alexandra bank businesses aren't easy to find on Google — so I built you a FREE sample site to show what's possible: https://thabs1234.github.io/sitecraft-sa/samples/townships/alexandra-nedbank.html
No catch, just proof. If you like it, the real version is R1,500 setup + R450/month and comes WhatsApp-ready. Want it to be yours? Reply SITECRAFT.",,no_phone
Alexandra,Standard Bank,bank,,https://thabs1234.github.io/sitecraft-sa/samples/townships/alexandra-standard-bank.html,"Hi Standard Bank 👋 Thabang from SiteCraft SA here. I noticed a lot of Alexandra bank businesses aren't easy to find on Google — so I built you a FREE sample site to show what's possible: https://thabs1234.github.io/sitecraft-sa/samples/townships/alexandra-standard-bank.html
No catch, just proof. If you like it, the real version is R1,500 setup + R450/month and comes WhatsApp-ready. Want it to be yours? Reply SITECRAFT.",,no_phone
Alexandra,Alex Fresh Meat Butchery,butcher,,https://thabs1234.github.io/sitecraft-sa/samples/townships/alexandra-alex-fresh-meat-butchery.html,"Hi Alex Fresh Meat Butchery 👋 Thabang from SiteCraft SA here. I noticed a lot of Alexandra butcher businesses aren't easy to find on Google — so I built you a FREE sample site to show what's possible: https://thabs1234.github.io/sitecraft-sa/samples/townships/alexandra-alex-fresh-meat-butchery.html
No catch, just proof. If you like it, the real version is R1,500 setup + R450/month and comes WhatsApp-ready. Want it to be yours? Reply SITECRAFT.",,no_phone
Alexandra,Roo,butcher,,https://thabs1234.github.io/sitecraft-sa/samples/townships/alexandra-roo.html,"Hi Roo 👋 Thabang from SiteCraft SA here. I noticed a lot of Alexandra butcher businesses aren't easy to find on Google — so I built you a FREE sample site to show what's possible: https://thabs1234.github.io/sitecraft-sa/samples/townships/alexandra-roo.html
No catch, just proof. If you like it, the real version is R1,500 setup + R450/month and comes WhatsApp-ready. Want it to be yours? Reply SITECRAFT.",,no_phone
Alexandra,Watloo,butcher,,https://thabs1234.github.io/sitecraft-sa/samples/townships/alexandra-watloo.html,"Hi Watloo 👋 Thabang from SiteCraft SA here. I noticed a lot of Alexandra butcher businesses aren't easy to find on Google — so I built you a FREE sample site to show what's possible: https://thabs1234.github.io/sitecraft-sa/samples/townships/alexandra-watloo.html
No catch, just proof. If you like it, the real version is R1,500 setup + R450/month and comes WhatsApp-ready. Want it to be yours? Reply SITECRAFT.",,no_phone
Alexandra,Belfry,cafe,,https://thabs1234.github.io/sitecraft-sa/samples/townships/alexandra-belfry.html,"Hi Belfry 👋 Thabang from SiteCraft SA here. I noticed a lot of Alexandra cafe businesses aren't easy to find on Google — so I built you a FREE sample site to show what's possible: https://thabs1234.github.io/sitecraft-sa/samples/townships/alexandra-belfry.html
No catch, just proof. If you like it, the real version is R1,500 setup + R450/month and comes WhatsApp-ready. Want it to be yours? Reply SITECRAFT.",,no_phone
Alexandra,Naked,cafe,,https://thabs1234.github.io/sitecraft-sa/samples/townships/alexandra-naked.html,"Hi Naked 👋 Thabang from SiteCraft SA here. I noticed a lot of Alexandra cafe businesses aren't easy to find on Google — so I built you a FREE sample site to show what's possible: https://thabs1234.github.io/sitecraft-sa/samples/townships/alexandra-naked.html
No catch, just proof. If you like it, the real version is R1,500 setup + R450/month and comes WhatsApp-ready. Want it to be yours? Reply SITECRAFT.",,no_phone
Alexandra,vida e caffè,cafe,,https://thabs1234.github.io/sitecraft-sa/samples/townships/alexandra-vida-e-caff.html,"Hi vida e caffè 👋 Thabang from SiteCraft SA here. I noticed a lot of Alexandra cafe businesses aren't easy to find on Google — so I built you a FREE sample site to show what's possible: https://thabs1234.github.io/sitecraft-sa/samples/townships/alexandra-vida-e-caff.html
No catch, just proof. If you like it, the real version is R1,500 setup + R450/month and comes WhatsApp-ready. Want it to be yours? Reply SITECRAFT.",,no_phone
Alexandra,Aston Martin,car,,https://thabs1234.github.io/sitecraft-sa/samples/townships/alexandra-aston-martin.html,"Hi Aston Martin 👋 Thabang from SiteCraft SA here. I noticed a lot of Alexandra car businesses aren't easy to find on Google — so I built you a FREE sample site to show what's possible: https://thabs1234.github.io/sitecraft-sa/samples/townships/alexandra-aston-martin.html
No catch, just proof. If you like it, the real version is R1,500 setup + R450/month and comes WhatsApp-ready. Want it to be yours? Reply SITECRAFT.",,no_phone
Alexandra,Audi,car,,https://thabs1234.github.io/sitecraft-sa/samples/townships/alexandra-audi.html,"Hi Audi 👋 Thabang from SiteCraft SA here. I noticed a lot of Alexandra car businesses aren't easy to find on Google — so I built you a FREE sample site to show what's possible: https://thabs1234.github.io/sitecraft-sa/samples/townships/alexandra-audi.html
No catch, just proof. If you like it, the real version is R1,500 setup + R450/month and comes WhatsApp-ready. Want it to be yours? Reply SITECRAFT.",,no_phone
Alexandra,Daytona Group,car,,https://thabs1234.github.io/sitecraft-sa/samples/townships/alexandra-daytona-group.html,"Hi Daytona Group 👋 Thabang from SiteCraft SA here. I noticed a lot of Alexandra car businesses aren't easy to find on Google — so I built you a FREE sample site to show what's possible: https://thabs1234.github.io/sitecraft-sa/samples/townships/alexandra-daytona-group.html
No catch, just proof. If you like it, the real version is R1,500 setup + R450/month and comes WhatsApp-ready. Want it to be yours? Reply SITECRAFT.",,no_phone
Alexandra,KIA motor,car,,https://thabs1234.github.io/sitecraft-sa/samples/townships/alexandra-kia-motor.html,"Hi KIA motor 👋 Thabang from SiteCraft SA here. I noticed a lot of Alexandra car businesses aren't easy to find on Google — so I built you a FREE sample site to show what's possible: https://thabs1234.github.io/sitecraft-sa/samples/townships/alexandra-kia-motor.html
No catch, just proof. If you like it, the real version is R1,500 setup + R450/month and comes WhatsApp-ready. Want it to be yours? Reply SITECRAFT.",,no_phone
Alexandra,Rolls-Royce Motor Cars Sandton,car,,https://thabs1234.github.io/sitecraft-sa/samples/townships/alexandra-rolls-royce-motor-cars-sandton.html,"Hi Rolls-Royce Motor Cars Sandton 👋 Thabang from SiteCraft SA here. I noticed a lot of Alexandra car businesses aren't easy to find on Google — so I built you a FREE sample site to show what's possible: https://thabs1234.github.io/sitecraft-sa/samples/townships/alexandra-rolls-royce-motor-cars-sandton.html
No catch, just proof. If you like it, the real version is R1,500 setup + R450/month and comes WhatsApp-ready. Want it to be yours? Reply SITECRAFT.",,no_phone
Alexandra,Toyota,car,,https://thabs1234.github.io/sitecraft-sa/samples/townships/alexandra-toyota.html,"Hi Toyota 👋 Thabang from SiteCraft SA here. I noticed a lot of Alexandra car businesses aren't easy to find on Google — so I built you a FREE sample site to show what's possible: https://thabs1234.github.io/sitecraft-sa/samples/townships/alexandra-toyota.html
No catch, just proof. If you like it, the real version is R1,500 setup + R450/month and comes WhatsApp-ready. Want it to be yours? Reply SITECRAFT.",,no_phone
Alexandra,Ashwood Autosprint,car_repair,,https://thabs1234.github.io/sitecraft-sa/samples/townships/alexandra-ashwood-autosprint.html,"Hi Ashwood Autosprint 👋 Thabang from SiteCraft SA here. I noticed a lot of Alexandra car_repair businesses aren't easy to find on Google — so I built you a FREE sample site to show what's possible: https://thabs1234.github.io/sitecraft-sa/samples/townships/alexandra-ashwood-autosprint.html
No catch, just proof. If you like it, the real version is R1,500 setup + R450/month and comes WhatsApp-ready. Want it to be yours? Reply SITECRAFT.",,no_phone
Alexandra,Auto Bonn,car_repair,,https://thabs1234.github.io/sitecraft-sa/samples/townships/alexandra-auto-bonn.html,"Hi Auto Bonn 👋 Thabang from SiteCraft SA here. I noticed a lot of Alexandra car_repair businesses aren't easy to find on Google — so I built you a FREE sample site to show what's possible: https://thabs1234.github.io/sitecraft-sa/samples/townships/alexandra-auto-bonn.html
No catch, just proof. If you like it, the real version is R1,500 setup + R450/month and comes WhatsApp-ready. Want it to be yours? Reply SITECRAFT.",,no_phone
Alexandra,Danmar,car_repair,,https://thabs1234.github.io/sitecraft-sa/samples/townships/alexandra-danmar.html,"Hi Danmar 👋 Thabang from SiteCraft SA here. I noticed a lot of Alexandra car_repair businesses aren't easy to find on Google — so I built you a FREE sample site to show what's possible: https://thabs1234.github.io/sitecraft-sa/samples/townships/alexandra-danmar.html
No catch, just proof. If you like it, the real version is R1,500 setup + R450/month and comes WhatsApp-ready. Want it to be yours? Reply SITECRAFT.",,no_phone
Alexandra,DEKRA,car_repair,,https://thabs1234.github.io/sitecraft-sa/samples/townships/alexandra-dekra.html,"Hi DEKRA 👋 Thabang from SiteCraft SA here. I noticed a lot of Alexandra car_repair businesses aren't easy to find on Google — so I built you a FREE sample site to show what's possible: https://thabs1234.github.io/sitecraft-sa/samples/townships/alexandra-dekra.html
No catch, just proof. If you like it, the real version is R1,500 setup + R450/month and comes WhatsApp-ready. Want it to be yours? Reply SITECRAFT.",,no_phone
Alexandra,8th Avenue Clinic,clinic,,https://thabs1234.github.io/sitecraft-sa/samples/townships/alexandra-8th-avenue-clinic.html,"Hi 8th Avenue Clinic 👋 Thabang from SiteCraft SA here. I noticed a lot of Alexandra clinic businesses aren't easy to find on Google — so I built you a FREE sample site to show what's possible: https://thabs1234.github.io/sitecraft-sa/samples/townships/alexandra-8th-avenue-clinic.html
No catch, just proof. If you like it, the real version is R1,500 setup + R450/month and comes WhatsApp-ready. Want it to be yours? Reply SITECRAFT.",,no_phone
Alexandra,Masakhane Clinic,clinic,,https://thabs1234.github.io/sitecraft-sa/samples/townships/alexandra-masakhane-clinic.html,"Hi Masakhane Clinic 👋 Thabang from SiteCraft SA here. I noticed a lot of Alexandra clinic businesses aren't easy to find on Google — so I built you a FREE sample site to show what's possible: https://thabs1234.github.io/sitecraft-sa/samples/townships/alexandra-masakhane-clinic.html
No catch, just proof. If you like it, the real version is R1,500 setup + R450/month and comes WhatsApp-ready. Want it to be yours? Reply SITECRAFT.",,no_phone
Alexandra,Gillami,clothes,,https://thabs1234.github.io/sitecraft-sa/samples/townships/alexandra-gillami.html,"Hi Gillami 👋 Thabang from SiteCraft SA here. I noticed a lot of Alexandra clothes businesses aren't easy to find on Google — so I built you a FREE sample site to show what's possible: https://thabs1234.github.io/sitecraft-sa/samples/townships/alexandra-gillami.html
No catch, just proof. If you like it, the real version is R1,500 setup + R450/month and comes WhatsApp-ready. Want it to be yours? Reply SITECRAFT.",,no_phone
Alexandra,Si Belle,clothes,,https://thabs1234.github.io/sitecraft-sa/samples/townships/alexandra-si-belle.html,"Hi Si Belle 👋 Thabang from SiteCraft SA here. I noticed a lot of Alexandra clothes businesses aren't easy to find on Google — so I built you a FREE sample site to show what's possible: https://thabs1234.github.io/sitecraft-sa/samples/townships/alexandra-si-belle.html
No catch, just proof. If you like it, the real version is R1,500 setup + R450/month and comes WhatsApp-ready. Want it to be yours? Reply SITECRAFT.",,no_phone
Alexandra,Alexandra Customer Service Centre,company,,https://thabs1234.github.io/sitecraft-sa/samples/townships/alexandra-alexandra-customer-service-cen.html,"Hi Alexandra Customer Service Centre 👋 Thabang from SiteCraft SA here. I noticed a lot of Alexandra company businesses aren't easy to find on Google — so I built you a FREE sample site to show what's possible: https://thabs1234.github.io/sitecraft-sa/samples/townships/alexandra-alexandra-customer-service-cen.html
No catch, just proof. If you like it, the real version is R1,500 setup + R450/month and comes WhatsApp-ready. Want it to be yours? Reply SITECRAFT.",,no_phone
Alexandra,Avida,company,,https://thabs1234.github.io/sitecraft-sa/samples/townships/alexandra-avida.html,"Hi Avida 👋 Thabang from SiteCraft SA here. I noticed a lot of Alexandra company businesses aren't easy to find on Google — so I built you a FREE sample site to show what's possible: https://thabs1234.github.io/sitecraft-sa/samples/townships/alexandra-avida.html
No catch, just proof. If you like it, the real version is R1,500 setup + R450/month and comes WhatsApp-ready. Want it to be yours? Reply SITECRAFT.",,no_phone
Alexandra,Logicalis,company,,https://thabs1234.github.io/sitecraft-sa/samples/townships/alexandra-logicalis.html,"Hi Logicalis 👋 Thabang from SiteCraft SA here. I noticed a lot of Alexandra company businesses aren't easy to find on Google — so I built you a FREE sample site to show what's possible: https://thabs1234.github.io/sitecraft-sa/samples/townships/alexandra-logicalis.html
No catch, just proof. If you like it, the real version is R1,500 setup + R450/month and comes WhatsApp-ready. Want it to be yours? Reply SITECRAFT.",,no_phone
Alexandra,Silica Financial Administration,company,,https://thabs1234.github.io/sitecraft-sa/samples/townships/alexandra-silica-financial-administratio.html,"Hi Silica Financial Administration 👋 Thabang from SiteCraft SA here. I noticed a lot of Alexandra company businesses aren't easy to find on Google — so I built you a FREE sample site to show what's possible: https://thabs1234.github.io/sitecraft-sa/samples/townships/alexandra-silica-financial-administratio.html
No catch, just proof. If you like it, the real version is R1,500 setup + R450/month and comes WhatsApp-ready. Want it to be yours? Reply SITECRAFT.",,no_phone
Alexandra,Chipile Foods,convenience,,https://thabs1234.github.io/sitecraft-sa/samples/townships/alexandra-chipile-foods.html,"Hi Chipile Foods 👋 Thabang from SiteCraft SA here. I noticed a lot of Alexandra convenience businesses aren't easy to find on Google — so I built you a FREE sample site to show what's possible: https://thabs1234.github.io/sitecraft-sa/samples/townships/alexandra-chipile-foods.html
No catch, just proof. If you like it, the real version is R1,500 setup + R450/month and comes WhatsApp-ready. Want it to be yours? Reply SITECRAFT.",,no_phone
Alexandra,Fresh Stop,convenience,,https://thabs1234.github.io/sitecraft-sa/samples/townships/alexandra-fresh-stop.html,"Hi Fresh Stop 👋 Thabang from SiteCraft SA here. I noticed a lot of Alexandra convenience businesses aren't easy to find on Google — so I built you a FREE sample site to show what's possible: https://thabs1234.github.io/sitecraft-sa/samples/townships/alexandra-fresh-stop.html
No catch, just proof. If you like it, the real version is R1,500 setup + R450/month and comes WhatsApp-ready. Want it to be yours? Reply SITECRAFT.",,no_phone
Alexandra,Kwikspar,convenience,,https://thabs1234.github.io/sitecraft-sa/samples/townships/alexandra-kwikspar.html,"Hi Kwikspar 👋 Thabang from SiteCraft SA here. I noticed a lot of Alexandra convenience businesses aren't easy to find on Google — so I built you a FREE sample site to show what's possible: https://thabs1234.github.io/sitecraft-sa/samples/townships/alexandra-kwikspar.html
No catch, just proof. If you like it, the real version is R1,500 setup + R450/month and comes WhatsApp-ready. Want it to be yours? Reply SITECRAFT.",,no_phone
Alexandra,Marlboro Mini Mart,convenience,,https://thabs1234.github.io/sitecraft-sa/samples/townships/alexandra-marlboro-mini-mart.html,"Hi Marlboro Mini Mart 👋 Thabang from SiteCraft SA here. I noticed a lot of Alexandra convenience businesses aren't easy to find on Google — so I built you a FREE sample site to show what's possible: https://thabs1234.github.io/sitecraft-sa/samples/townships/alexandra-marlboro-mini-mart.html
No catch, just proof. If you like it, the real version is R1,500 setup + R450/month and comes WhatsApp-ready. Want it to be yours? Reply SITECRAFT.",,no_phone
Alexandra,Pick n Pay Express,convenience,+27 10 109 6999,https://thabs1234.github.io/sitecraft-sa/samples/townships/alexandra-pick-n-pay-express.html,"Hi Pick n Pay Express 👋 Thabang from SiteCraft SA here. I noticed a lot of Alexandra convenience businesses aren't easy to find on Google — so I built you a FREE sample site to show what's possible: https://thabs1234.github.io/sitecraft-sa/samples/townships/alexandra-pick-n-pay-express.html
No catch, just proof. If you like it, the real version is R1,500 setup + R450/month and comes WhatsApp-ready. Want it to be yours? Reply SITECRAFT.",https://wa.me/27101096999?text=Hi%20Pick%20n%20Pay%20Express%20%F0%9F%91%8B%20Thabang%20from%20SiteCraft%20SA%20here.%20I%20noticed%20a%20lot%20of%20Alexandra%20convenience%20businesses%20aren%27t%20easy%20to%20find%20on%20Google%20%E2%80%94%20so%20I%20built%20you%20a%20FREE%20sample%20site%20to%20show%20what%27s%20possible%3A%20https%3A//thabs1234.github.io/sitecraft-sa/samples/townships/alexandra-pick-n-pay-express.html%0ANo%20catch%2C%20just%20proof.%20If%20you%20like%20it%2C%20the%20real%20version%20is%20R1%2C500%20setup%20%2B%20R450/month%20and%20comes%20WhatsApp-ready.%20Want%20it%20to%20be%20yours%3F%20Reply%20SITECRAFT.,pending
Alexandra,Wendywood Clinic,doctors,,https://thabs1234.github.io/sitecraft-sa/samples/townships/alexandra-wendywood-clinic.html,"Hi Wendywood Clinic 👋 Thabang from SiteCraft SA here. I noticed a lot of Alexandra doctors businesses aren't easy to find on Google — so I built you a FREE sample site to show what's possible: https://thabs1234.github.io/sitecraft-sa/samples/townships/alexandra-wendywood-clinic.html
No catch, just proof. If you like it, the real version is R1,500 setup + R450/month and comes WhatsApp-ready. Want it to be yours? Reply SITECRAFT.",,no_phone
Alexandra,Fax-a-bite,fast_food,,https://thabs1234.github.io/sitecraft-sa/samples/townships/alexandra-fax-a-bite.html,"Hi Fax-a-bite 👋 Thabang from SiteCraft SA here. I noticed a lot of Alexandra fast_food businesses aren't easy to find on Google — so I built you a FREE sample site to show what's possible: https://thabs1234.github.io/sitecraft-sa/samples/townships/alexandra-fax-a-bite.html
No catch, just proof. If you like it, the real version is R1,500 setup + R450/month and comes WhatsApp-ready. Want it to be yours? Reply SITECRAFT.",,no_phone
Alexandra,Kung-fu Kitchen,fast_food,,https://thabs1234.github.io/sitecraft-sa/samples/townships/alexandra-kung-fu-kitchen.html,"Hi Kung-fu Kitchen 👋 Thabang from SiteCraft SA here. I noticed a lot of Alexandra fast_food businesses aren't easy to find on Google — so I built you a FREE sample site to show what's possible: https://thabs1234.github.io/sitecraft-sa/samples/townships/alexandra-kung-fu-kitchen.html
No catch, just proof. If you like it, the real version is R1,500 setup + R450/month and comes WhatsApp-ready. Want it to be yours? Reply SITECRAFT.",,no_phone
Alexandra,McDonald's,fast_food,,https://thabs1234.github.io/sitecraft-sa/samples/townships/alexandra-mcdonald-s.html,"Hi McDonald's 👋 Thabang from SiteCraft SA here. I noticed a lot of Alexandra fast_food businesses aren't easy to find on Google — so I built you a FREE sample site to show what's possible: https://thabs1234.github.io/sitecraft-sa/samples/townships/alexandra-mcdonald-s.html
No catch, just proof. If you like it, the real version is R1,500 setup + R450/month and comes WhatsApp-ready. Want it to be yours? Reply SITECRAFT.",,no_phone
Alexandra,McDonald's,fast_food,,https://thabs1234.github.io/sitecraft-sa/samples/townships/alexandra-mcdonald-s.html,"Hi McDonald's 👋 Thabang from SiteCraft SA here. I noticed a lot of Alexandra fast_food businesses aren't easy to find on Google — so I built you a FREE sample site to show what's possible: https://thabs1234.github.io/sitecraft-sa/samples/townships/alexandra-mcdonald-s.html
No catch, just proof. If you like it, the real version is R1,500 setup + R450/month and comes WhatsApp-ready. Want it to be yours? Reply SITECRAFT.",,no_phone
Alexandra,Astron Energy,fuel,+27 11 346 0298,https://thabs1234.github.io/sitecraft-sa/samples/townships/alexandra-astron-energy.html,"Hi Astron Energy 👋 Thabang from SiteCraft SA here. I noticed a lot of Alexandra fuel businesses aren't easy to find on Google — so I built you a FREE sample site to show what's possible: https://thabs1234.github.io/sitecraft-sa/samples/townships/alexandra-astron-energy.html
No catch, just proof. If you like it, the real version is R1,500 setup + R450/month and comes WhatsApp-ready. Want it to be yours? Reply SITECRAFT.",https://wa.me/27113460298?text=Hi%20Astron%20Energy%20%F0%9F%91%8B%20Thabang%20from%20SiteCraft%20SA%20here.%20I%20noticed%20a%20lot%20of%20Alexandra%20fuel%20businesses%20aren%27t%20easy%20to%20find%20on%20Google%20%E2%80%94%20so%20I%20built%20you%20a%20FREE%20sample%20site%20to%20show%20what%27s%20possible%3A%20https%3A//thabs1234.github.io/sitecraft-sa/samples/townships/alexandra-astron-energy.html%0ANo%20catch%2C%20just%20proof.%20If%20you%20like%20it%2C%20the%20real%20version%20is%20R1%2C500%20setup%20%2B%20R450/month%20and%20comes%20WhatsApp-ready.%20Want%20it%20to%20be%20yours%3F%20Reply%20SITECRAFT.,pending
Alexandra,Astron Energy,fuel,+27 11 804 5848,https://thabs1234.github.io/sitecraft-sa/samples/townships/alexandra-astron-energy.html,"Hi Astron Energy 👋 Thabang from SiteCraft SA here. I noticed a lot of Alexandra fuel businesses aren't easy to find on Google — so I built you a FREE sample site to show what's possible: https://thabs1234.github.io/sitecraft-sa/samples/townships/alexandra-astron-energy.html
No catch, just proof. If you like it, the real version is R1,500 setup + R450/month and comes WhatsApp-ready. Want it to be yours? Reply SITECRAFT.",https://wa.me/27118045848?text=Hi%20Astron%20Energy%20%F0%9F%91%8B%20Thabang%20from%20SiteCraft%20SA%20here.%20I%20noticed%20a%20lot%20of%20Alexandra%20fuel%20businesses%20aren%27t%20easy%20to%20find%20on%20Google%20%E2%80%94%20so%20I%20built%20you%20a%20FREE%20sample%20site%20to%20show%20what%27s%20possible%3A%20https%3A//thabs1234.github.io/sitecraft-sa/samples/townships/alexandra-astron-energy.html%0ANo%20catch%2C%20just%20proof.%20If%20you%20like%20it%2C%20the%20real%20version%20is%20R1%2C500%20setup%20%2B%20R450/month%20and%20comes%20WhatsApp-ready.%20Want%20it%20to%20be%20yours%3F%20Reply%20SITECRAFT.,pending
Alexandra,Astron Energy,fuel,+27 860 300 860,https://thabs1234.github.io/sitecraft-sa/samples/townships/alexandra-astron-energy.html,"Hi Astron Energy 👋 Thabang from SiteCraft SA here. I noticed a lot of Alexandra fuel businesses aren't easy to find on Google — so I built you a FREE sample site to show what's possible: https://thabs1234.github.io/sitecraft-sa/samples/townships/alexandra-astron-energy.html
No catch, just proof. If you like it, the real version is R1,500 setup + R450/month and comes WhatsApp-ready. Want it to be yours? Reply SITECRAFT.",https://wa.me/27860300860?text=Hi%20Astron%20Energy%20%F0%9F%91%8B%20Thabang%20from%20SiteCraft%20SA%20here.%20I%20noticed%20a%20lot%20of%20Alexandra%20fuel%20businesses%20aren%27t%20easy%20to%20find%20on%20Google%20%E2%80%94%20so%20I%20built%20you%20a%20FREE%20sample%20site%20to%20show%20what%27s%20possible%3A%20https%3A//thabs1234.github.io/sitecraft-sa/samples/townships/alexandra-astron-energy.html%0ANo%20catch%2C%20just%20proof.%20If%20you%20like%20it%2C%20the%20real%20version%20is%20R1%2C500%20setup%20%2B%20R450/month%20and%20comes%20WhatsApp-ready.%20Want%20it%20to%20be%20yours%3F%20Reply%20SITECRAFT.,pending
Alexandra,BP,fuel,+27 11 882 1113,https://thabs1234.github.io/sitecraft-sa/samples/townships/alexandra-bp.html,"Hi BP 👋 Thabang from SiteCraft SA here. I noticed a lot of Alexandra fuel businesses aren't easy to find on Google — so I built you a FREE sample site to show what's possible: https://thabs1234.github.io/sitecraft-sa/samples/townships/alexandra-bp.html
No catch, just proof. If you like it, the real version is R1,500 setup + R450/month and comes WhatsApp-ready. Want it to be yours? Reply SITECRAFT.",https://wa.me/27118821113?text=Hi%20BP%20%F0%9F%91%8B%20Thabang%20from%20SiteCraft%20SA%20here.%20I%20noticed%20a%20lot%20of%20Alexandra%20fuel%20businesses%20aren%27t%20easy%20to%20find%20on%20Google%20%E2%80%94%20so%20I%20built%20you%20a%20FREE%20sample%20site%20to%20show%20what%27s%20possible%3A%20https%3A//thabs1234.github.io/sitecraft-sa/samples/townships/alexandra-bp.html%0ANo%20catch%2C%20just%20proof.%20If%20you%20like%20it%2C%20the%20real%20version%20is%20R1%2C500%20setup%20%2B%20R450/month%20and%20comes%20WhatsApp-ready.%20Want%20it%20to%20be%20yours%3F%20Reply%20SITECRAFT.,pending
Alexandra,BP,fuel,+27 11 444 7243,https://thabs1234.github.io/sitecraft-sa/samples/townships/alexandra-bp.html,"Hi BP 👋 Thabang from SiteCraft SA here. I noticed a lot of Alexandra fuel businesses aren't easy to find on Google — so I built you a FREE sample site to show what's possible: https://thabs1234.github.io/sitecraft-sa/samples/townships/alexandra-bp.html
No catch, just proof. If you like it, the real version is R1,500 setup + R450/month and comes WhatsApp-ready. Want it to be yours? Reply SITECRAFT.",https://wa.me/27114447243?text=Hi%20BP%20%F0%9F%91%8B%20Thabang%20from%20SiteCraft%20SA%20here.%20I%20noticed%20a%20lot%20of%20Alexandra%20fuel%20businesses%20aren%27t%20easy%20to%20find%20on%20Google%20%E2%80%94%20so%20I%20built%20you%20a%20FREE%20sample%20site%20to%20show%20what%27s%20possible%3A%20https%3A//thabs1234.github.io/sitecraft-sa/samples/townships/alexandra-bp.html%0ANo%20catch%2C%20just%20proof.%20If%20you%20like%20it%2C%20the%20real%20version%20is%20R1%2C500%20setup%20%2B%20R450/month%20and%20comes%20WhatsApp-ready.%20Want%20it%20to%20be%20yours%3F%20Reply%20SITECRAFT.,pending
Alexandra,Engen,fuel,+27 11 444 2232,https://thabs1234.github.io/sitecraft-sa/samples/townships/alexandra-engen.html,"Hi Engen 👋 Thabang from SiteCraft SA here. I noticed a lot of Alexandra fuel businesses aren't easy to find on Google — so I built you a FREE sample site to show what's possible: https://thabs1234.github.io/sitecraft-sa/samples/townships/alexandra-engen.html
No catch, just proof. If you like it, the real version is R1,500 setup + R450/month and comes WhatsApp-ready. Want it to be yours? Reply SITECRAFT.",https://wa.me/27114442232?text=Hi%20Engen%20%F0%9F%91%8B%20Thabang%20from%20SiteCraft%20SA%20here.%20I%20noticed%20a%20lot%20of%20Alexandra%20fuel%20businesses%20aren%27t%20easy%20to%20find%20on%20Google%20%E2%80%94%20so%20I%20built%20you%20a%20FREE%20sample%20site%20to%20show%20what%27s%20possible%3A%20https%3A//thabs1234.github.io/sitecraft-sa/samples/townships/alexandra-engen.html%0ANo%20catch%2C%20just%20proof.%20If%20you%20like%20it%2C%20the%20real%20version%20is%20R1%2C500%20setup%20%2B%20R450/month%20and%20comes%20WhatsApp-ready.%20Want%20it%20to%20be%20yours%3F%20Reply%20SITECRAFT.,pending
Alexandra,Engen,fuel,,https://thabs1234.github.io/sitecraft-sa/samples/townships/alexandra-engen.html,"Hi Engen 👋 Thabang from SiteCraft SA here. I noticed a lot of Alexandra fuel businesses aren't easy to find on Google — so I built you a FREE sample site to show what's possible: https://thabs1234.github.io/sitecraft-sa/samples/townships/alexandra-engen.html
No catch, just proof. If you like it, the real version is R1,500 setup + R450/month and comes WhatsApp-ready. Want it to be yours? Reply SITECRAFT.",,no_phone
Alexandra,@ Home factory shop,furniture,,https://thabs1234.github.io/sitecraft-sa/samples/townships/alexandra-home-factory-shop.html,"Hi @ Home factory shop 👋 Thabang from SiteCraft SA here. I noticed a lot of Alexandra furniture businesses aren't easy to find on Google — so I built you a FREE sample site to show what's possible: https://thabs1234.github.io/sitecraft-sa/samples/townships/alexandra-home-factory-shop.html
No catch, just proof. If you like it, the real version is R1,500 setup + R450/month and comes WhatsApp-ready. Want it to be yours? Reply SITECRAFT.",,no_phone
Alexandra,Akhona Furnishers,furniture,,https://thabs1234.github.io/sitecraft-sa/samples/townships/alexandra-akhona-furnishers.html,"Hi Akhona Furnishers 👋 Thabang from SiteCraft SA here. I noticed a lot of Alexandra furniture businesses aren't easy to find on Google — so I built you a FREE sample site to show what's possible: https://thabs1234.github.io/sitecraft-sa/samples/townships/alexandra-akhona-furnishers.html
No catch, just proof. If you like it, the real version is R1,500 setup + R450/month and comes WhatsApp-ready. Want it to be yours? Reply SITECRAFT.",,no_phone
Alexandra,Coricraft,furniture,,https://thabs1234.github.io/sitecraft-sa/samples/townships/alexandra-coricraft.html,"Hi Coricraft 👋 Thabang from SiteCraft SA here. I noticed a lot of Alexandra furniture businesses aren't easy to find on Google — so I built you a FREE sample site to show what's possible: https://thabs1234.github.io/sitecraft-sa/samples/townships/alexandra-coricraft.html
No catch, just proof. If you like it, the real version is R1,500 setup + R450/month and comes WhatsApp-ready. Want it to be yours? Reply SITECRAFT.",,no_phone
Alexandra,Incanda,furniture,+27 10 001 2627,https://thabs1234.github.io/sitecraft-sa/samples/townships/alexandra-incanda.html,"Hi Incanda 👋 Thabang from SiteCraft SA here. I noticed a lot of Alexandra furniture businesses aren't easy to find on Google — so I built you a FREE sample site to show what's possible: https://thabs1234.github.io/sitecraft-sa/samples/townships/alexandra-incanda.html
No catch, just proof. If you like it, the real version is R1,500 setup + R450/month and comes WhatsApp-ready. Want it to be yours? Reply SITECRAFT.",https://wa.me/27100012627?text=Hi%20Incanda%20%F0%9F%91%8B%20Thabang%20from%20SiteCraft%20SA%20here.%20I%20noticed%20a%20lot%20of%20Alexandra%20furniture%20businesses%20aren%27t%20easy%20to%20find%20on%20Google%20%E2%80%94%20so%20I%20built%20you%20a%20FREE%20sample%20site%20to%20show%20what%27s%20possible%3A%20https%3A//thabs1234.github.io/sitecraft-sa/samples/townships/alexandra-incanda.html%0ANo%20catch%2C%20just%20proof.%20If%20you%20like%20it%2C%20the%20real%20version%20is%20R1%2C500%20setup%20%2B%20R450/month%20and%20comes%20WhatsApp-ready.%20Want%20it%20to%20be%20yours%3F%20Reply%20SITECRAFT.,pending
Alexandra,Russells,furniture,,https://thabs1234.github.io/sitecraft-sa/samples/townships/alexandra-russells.html,"Hi Russells 👋 Thabang from SiteCraft SA here. I noticed a lot of Alexandra furniture businesses aren't easy to find on Google — so I built you a FREE sample site to show what's possible: https://thabs1234.github.io/sitecraft-sa/samples/townships/alexandra-russells.html
No catch, just proof. If you like it, the real version is R1,500 setup + R450/month and comes WhatsApp-ready. Want it to be yours? Reply SITECRAFT.",,no_phone
Alexandra,Montrose,garden_centre,,https://thabs1234.github.io/sitecraft-sa/samples/townships/alexandra-montrose.html,"Hi Montrose 👋 Thabang from SiteCraft SA here. I noticed a lot of Alexandra garden_centre businesses aren't easy to find on Google — so I built you a FREE sample site to show what's possible: https://thabs1234.github.io/sitecraft-sa/samples/townships/alexandra-montrose.html
No catch, just proof. If you like it, the real version is R1,500 setup + R450/month and comes WhatsApp-ready. Want it to be yours? Reply SITECRAFT.",,no_phone
Alexandra,City Of Johannesburg Region E Offices,government,,https://thabs1234.github.io/sitecraft-sa/samples/townships/alexandra-city-of-johannesburg-region-e-.html,"Hi City Of Johannesburg Region E Offices 👋 Thabang from SiteCraft SA here. I noticed a lot of Alexandra government businesses aren't easy to find on Google — so I built you a FREE sample site to show what's possible: https://thabs1234.github.io/sitecraft-sa/samples/townships/alexandra-city-of-johannesburg-region-e-.html
No catch, just proof. If you like it, the real version is R1,500 setup + R450/month and comes WhatsApp-ready. Want it to be yours? Reply SITECRAFT.",,no_phone
Alexandra,Cashbuild,hardware,,https://thabs1234.github.io/sitecraft-sa/samples/townships/alexandra-cashbuild.html,"Hi Cashbuild 👋 Thabang from SiteCraft SA here. I noticed a lot of Alexandra hardware businesses aren't easy to find on Google — so I built you a FREE sample site to show what's possible: https://thabs1234.github.io/sitecraft-sa/samples/townships/alexandra-cashbuild.html
No catch, just proof. If you like it, the real version is R1,500 setup + R450/month and comes WhatsApp-ready. Want it to be yours? Reply SITECRAFT.",,no_phone
Alexandra,Volpes,household_linen,,https://thabs1234.github.io/sitecraft-sa/samples/townships/alexandra-volpes.html,"Hi Volpes 👋 Thabang from SiteCraft SA here. I noticed a lot of Alexandra household_linen businesses aren't easy to find on Google — so I built you a FREE sample site to show what's possible: https://thabs1234.github.io/sitecraft-sa/samples/townships/alexandra-volpes.html
No catch, just proof. If you like it, the real version is R1,500 setup + R450/month and comes WhatsApp-ready. Want it to be yours? Reply SITECRAFT.",,no_phone
Alexandra,Constantine & Jacobs,jewelry,,https://thabs1234.github.io/sitecraft-sa/samples/townships/alexandra-constantine-jacobs.html,"Hi Constantine & Jacobs 👋 Thabang from SiteCraft SA here. I noticed a lot of Alexandra jewelry businesses aren't easy to find on Google — so I built you a FREE sample site to show what's possible: https://thabs1234.github.io/sitecraft-sa/samples/townships/alexandra-constantine-jacobs.html
No catch, just proof. If you like it, the real version is R1,500 setup + R450/month and comes WhatsApp-ready. Want it to be yours? Reply SITECRAFT.",,no_phone
Alexandra,1 Stop Nutrition,nutrition_supplements,,https://thabs1234.github.io/sitecraft-sa/samples/townships/alexandra-1-stop-nutrition.html,"Hi 1 Stop Nutrition 👋 Thabang from SiteCraft SA here. I noticed a lot of Alexandra nutrition_supplements businesses aren't easy to find on Google — so I built you a FREE sample site to show what's possible: https://thabs1234.github.io/sitecraft-sa/samples/townships/alexandra-1-stop-nutrition.html
No catch, just proof. If you like it, the real version is R1,500 setup + R450/month and comes WhatsApp-ready. Want it to be yours? Reply SITECRAFT.",,no_phone
Alexandra,Clicks,pharmacy,,https://thabs1234.github.io/sitecraft-sa/samples/townships/alexandra-clicks.html,"Hi Clicks 👋 Thabang from SiteCraft SA here. I noticed a lot of Alexandra pharmacy businesses aren't easy to find on Google — so I built you a FREE sample site to show what's possible: https://thabs1234.github.io/sitecraft-sa/samples/townships/alexandra-clicks.html
No catch, just proof. If you like it, the real version is R1,500 setup + R450/month and comes WhatsApp-ready. Want it to be yours? Reply SITECRAFT.",,no_phone
Alexandra,Medifam Family Medical Centre,pharmacy,,https://thabs1234.github.io/sitecraft-sa/samples/townships/alexandra-medifam-family-medical-centre.html,"Hi Medifam Family Medical Centre 👋 Thabang from SiteCraft SA here. I noticed a lot of Alexandra pharmacy businesses aren't easy to find on Google — so I built you a FREE sample site to show what's possible: https://thabs1234.github.io/sitecraft-sa/samples/townships/alexandra-medifam-family-medical-centre.html
No catch, just proof. If you like it, the real version is R1,500 setup + R450/month and comes WhatsApp-ready. Want it to be yours? Reply SITECRAFT.",,no_phone
Alexandra,Europa,restaurant,,https://thabs1234.github.io/sitecraft-sa/samples/townships/alexandra-europa.html,"Hi Europa 👋 Thabang from SiteCraft SA here. I noticed a lot of Alexandra restaurant businesses aren't easy to find on Google — so I built you a FREE sample site to show what's possible: https://thabs1234.github.io/sitecraft-sa/samples/townships/alexandra-europa.html
No catch, just proof. If you like it, the real version is R1,500 setup + R450/month and comes WhatsApp-ready. Want it to be yours? Reply SITECRAFT.",,no_phone
Alexandra,GBC,restaurant,,https://thabs1234.github.io/sitecraft-sa/samples/townships/alexandra-gbc.html,"Hi GBC 👋 Thabang from SiteCraft SA here. I noticed a lot of Alexandra restaurant businesses aren't easy to find on Google — so I built you a FREE sample site to show what's possible: https://thabs1234.github.io/sitecraft-sa/samples/townships/alexandra-gbc.html
No catch, just proof. If you like it, the real version is R1,500 setup + R450/month and comes WhatsApp-ready. Want it to be yours? Reply SITECRAFT.",,no_phone
Alexandra,Kauai Virgin Active Sandton,restaurant,,https://thabs1234.github.io/sitecraft-sa/samples/townships/alexandra-kauai-virgin-active-sandton.html,"Hi Kauai Virgin Active Sandton 👋 Thabang from SiteCraft SA here. I noticed a lot of Alexandra restaurant businesses aren't easy to find on Google — so I built you a FREE sample site to show what's possible: https://thabs1234.github.io/sitecraft-sa/samples/townships/alexandra-kauai-virgin-active-sandton.html
No catch, just proof. If you like it, the real version is R1,500 setup + R450/month and comes WhatsApp-ready. Want it to be yours? Reply SITECRAFT.",,no_phone
Alexandra,Ocean Basket,restaurant,,https://thabs1234.github.io/sitecraft-sa/samples/townships/alexandra-ocean-basket.html,"Hi Ocean Basket 👋 Thabang from SiteCraft SA here. I noticed a lot of Alexandra restaurant businesses aren't easy to find on Google — so I built you a FREE sample site to show what's possible: https://thabs1234.github.io/sitecraft-sa/samples/townships/alexandra-ocean-basket.html
No catch, just proof. If you like it, the real version is R1,500 setup + R450/month and comes WhatsApp-ready. Want it to be yours? Reply SITECRAFT.",,no_phone
Alexandra,Pablo,restaurant,,https://thabs1234.github.io/sitecraft-sa/samples/townships/alexandra-pablo.html,"Hi Pablo 👋 Thabang from SiteCraft SA here. I noticed a lot of Alexandra restaurant businesses aren't easy to find on Google — so I built you a FREE sample site to show what's possible: https://thabs1234.github.io/sitecraft-sa/samples/townships/alexandra-pablo.html
No catch, just proof. If you like it, the real version is R1,500 setup + R450/month and comes WhatsApp-ready. Want it to be yours? Reply SITECRAFT.",,no_phone
Alexandra,Razor Charlie,restaurant,,https://thabs1234.github.io/sitecraft-sa/samples/townships/alexandra-razor-charlie.html,"Hi Razor Charlie 👋 Thabang from SiteCraft SA here. I noticed a lot of Alexandra restaurant businesses aren't easy to find on Google — so I built you a FREE sample site to show what's possible: https://thabs1234.github.io/sitecraft-sa/samples/townships/alexandra-razor-charlie.html
No catch, just proof. If you like it, the real version is R1,500 setup + R450/month and comes WhatsApp-ready. Want it to be yours? Reply SITECRAFT.",,no_phone
Alexandra,Roco Mama,restaurant,,https://thabs1234.github.io/sitecraft-sa/samples/townships/alexandra-roco-mama.html,"Hi Roco Mama 👋 Thabang from SiteCraft SA here. I noticed a lot of Alexandra restaurant businesses aren't easy to find on Google — so I built you a FREE sample site to show what's possible: https://thabs1234.github.io/sitecraft-sa/samples/townships/alexandra-roco-mama.html
No catch, just proof. If you like it, the real version is R1,500 setup + R450/month and comes WhatsApp-ready. Want it to be yours? Reply SITECRAFT.",,no_phone
Alexandra,Sale e Pepe da Giovanni,restaurant,,https://thabs1234.github.io/sitecraft-sa/samples/townships/alexandra-sale-e-pepe-da-giovanni.html,"Hi Sale e Pepe da Giovanni 👋 Thabang from SiteCraft SA here. I noticed a lot of Alexandra restaurant businesses aren't easy to find on Google — so I built you a FREE sample site to show what's possible: https://thabs1234.github.io/sitecraft-sa/samples/townships/alexandra-sale-e-pepe-da-giovanni.html
No catch, just proof. If you like it, the real version is R1,500 setup + R450/month and comes WhatsApp-ready. Want it to be yours? Reply SITECRAFT.",,no_phone
Alexandra,Lonmod,shoes,,https://thabs1234.github.io/sitecraft-sa/samples/townships/alexandra-lonmod.html,"Hi Lonmod 👋 Thabang from SiteCraft SA here. I noticed a lot of Alexandra shoes businesses aren't easy to find on Google — so I built you a FREE sample site to show what's possible: https://thabs1234.github.io/sitecraft-sa/samples/townships/alexandra-lonmod.html
No catch, just proof. If you like it, the real version is R1,500 setup + R450/month and comes WhatsApp-ready. Want it to be yours? Reply SITECRAFT.",,no_phone
Alexandra,Waltons stationery factory,stationery,,https://thabs1234.github.io/sitecraft-sa/samples/townships/alexandra-waltons-stationery-factory.html,"Hi Waltons stationery factory 👋 Thabang from SiteCraft SA here. I noticed a lot of Alexandra stationery businesses aren't easy to find on Google — so I built you a FREE sample site to show what's possible: https://thabs1234.github.io/sitecraft-sa/samples/townships/alexandra-waltons-stationery-factory.html
No catch, just proof. If you like it, the real version is R1,500 setup + R450/month and comes WhatsApp-ready. Want it to be yours? Reply SITECRAFT.",,no_phone
Alexandra,Boxer,supermarket,+27 11 440 7596,https://thabs1234.github.io/sitecraft-sa/samples/townships/alexandra-boxer.html,"Hi Boxer 👋 Thabang from SiteCraft SA here. I noticed a lot of Alexandra supermarket businesses aren't easy to find on Google — so I built you a FREE sample site to show what's possible: https://thabs1234.github.io/sitecraft-sa/samples/townships/alexandra-boxer.html
No catch, just proof. If you like it, the real version is R1,500 setup + R450/month and comes WhatsApp-ready. Want it to be yours? Reply SITECRAFT.",https://wa.me/27114407596?text=Hi%20Boxer%20%F0%9F%91%8B%20Thabang%20from%20SiteCraft%20SA%20here.%20I%20noticed%20a%20lot%20of%20Alexandra%20supermarket%20businesses%20aren%27t%20easy%20to%20find%20on%20Google%20%E2%80%94%20so%20I%20built%20you%20a%20FREE%20sample%20site%20to%20show%20what%27s%20possible%3A%20https%3A//thabs1234.github.io/sitecraft-sa/samples/townships/alexandra-boxer.html%0ANo%20catch%2C%20just%20proof.%20If%20you%20like%20it%2C%20the%20real%20version%20is%20R1%2C500%20setup%20%2B%20R450/month%20and%20comes%20WhatsApp-ready.%20Want%20it%20to%20be%20yours%3F%20Reply%20SITECRAFT.,pending
Alexandra,Boxer,supermarket,,https://thabs1234.github.io/sitecraft-sa/samples/townships/alexandra-boxer.html,"Hi Boxer 👋 Thabang from SiteCraft SA here. I noticed a lot of Alexandra supermarket businesses aren't easy to find on Google — so I built you a FREE sample site to show what's possible: https://thabs1234.github.io/sitecraft-sa/samples/townships/alexandra-boxer.html
No catch, just proof. If you like it, the real version is R1,500 setup + R450/month and comes WhatsApp-ready. Want it to be yours? Reply SITECRAFT.",,no_phone
Alexandra,Freedom Supermarket,supermarket,,https://thabs1234.github.io/sitecraft-sa/samples/townships/alexandra-freedom-supermarket.html,"Hi Freedom Supermarket 👋 Thabang from SiteCraft SA here. I noticed a lot of Alexandra supermarket businesses aren't easy to find on Google — so I built you a FREE sample site to show what's possible: https://thabs1234.github.io/sitecraft-sa/samples/townships/alexandra-freedom-supermarket.html
No catch, just proof. If you like it, the real version is R1,500 setup + R450/month and comes WhatsApp-ready. Want it to be yours? Reply SITECRAFT.",,no_phone
Alexandra,Nizam's Supermarket,supermarket,,https://thabs1234.github.io/sitecraft-sa/samples/townships/alexandra-nizam-s-supermarket.html,"Hi Nizam's Supermarket 👋 Thabang from SiteCraft SA here. I noticed a lot of Alexandra supermarket businesses aren't easy to find on Google — so I built you a FREE sample site to show what's possible: https://thabs1234.github.io/sitecraft-sa/samples/townships/alexandra-nizam-s-supermarket.html
No catch, just proof. If you like it, the real version is R1,500 setup + R450/month and comes WhatsApp-ready. Want it to be yours? Reply SITECRAFT.",,no_phone
Alexandra,Pick n Pay,supermarket,,https://thabs1234.github.io/sitecraft-sa/samples/townships/alexandra-pick-n-pay.html,"Hi Pick n Pay 👋 Thabang from SiteCraft SA here. I noticed a lot of Alexandra supermarket businesses aren't easy to find on Google — so I built you a FREE sample site to show what's possible: https://thabs1234.github.io/sitecraft-sa/samples/townships/alexandra-pick-n-pay.html
No catch, just proof. If you like it, the real version is R1,500 setup + R450/month and comes WhatsApp-ready. Want it to be yours? Reply SITECRAFT.",,no_phone
Alexandra,Pick n Pay,supermarket,,https://thabs1234.github.io/sitecraft-sa/samples/townships/alexandra-pick-n-pay.html,"Hi Pick n Pay 👋 Thabang from SiteCraft SA here. I noticed a lot of Alexandra supermarket businesses aren't easy to find on Google — so I built you a FREE sample site to show what's possible: https://thabs1234.github.io/sitecraft-sa/samples/townships/alexandra-pick-n-pay.html
No catch, just proof. If you like it, the real version is R1,500 setup + R450/month and comes WhatsApp-ready. Want it to be yours? Reply SITECRAFT.",,no_phone
Alexandra,Pick n Pay,supermarket,+27 10 020 2992,https://thabs1234.github.io/sitecraft-sa/samples/townships/alexandra-pick-n-pay.html,"Hi Pick n Pay 👋 Thabang from SiteCraft SA here. I noticed a lot of Alexandra supermarket businesses aren't easy to find on Google — so I built you a FREE sample site to show what's possible: https://thabs1234.github.io/sitecraft-sa/samples/townships/alexandra-pick-n-pay.html
No catch, just proof. If you like it, the real version is R1,500 setup + R450/month and comes WhatsApp-ready. Want it to be yours? Reply SITECRAFT.",https://wa.me/27100202992?text=Hi%20Pick%20n%20Pay%20%F0%9F%91%8B%20Thabang%20from%20SiteCraft%20SA%20here.%20I%20noticed%20a%20lot%20of%20Alexandra%20supermarket%20businesses%20aren%27t%20easy%20to%20find%20on%20Google%20%E2%80%94%20so%20I%20built%20you%20a%20FREE%20sample%20site%20to%20show%20what%27s%20possible%3A%20https%3A//thabs1234.github.io/sitecraft-sa/samples/townships/alexandra-pick-n-pay.html%0ANo%20catch%2C%20just%20proof.%20If%20you%20like%20it%2C%20the%20real%20version%20is%20R1%2C500%20setup%20%2B%20R450/month%20and%20comes%20WhatsApp-ready.%20Want%20it%20to%20be%20yours%3F%20Reply%20SITECRAFT.,pending
Alexandra,Spar,supermarket,,https://thabs1234.github.io/sitecraft-sa/samples/townships/alexandra-spar.html,"Hi Spar 👋 Thabang from SiteCraft SA here. I noticed a lot of Alexandra supermarket businesses aren't easy to find on Google — so I built you a FREE sample site to show what's possible: https://thabs1234.github.io/sitecraft-sa/samples/townships/alexandra-spar.html
No catch, just proof. If you like it, the real version is R1,500 setup + R450/month and comes WhatsApp-ready. Want it to be yours? Reply SITECRAFT.",,no_phone
Alexandra,Spar,supermarket,,https://thabs1234.github.io/sitecraft-sa/samples/townships/alexandra-spar.html,"Hi Spar 👋 Thabang from SiteCraft SA here. I noticed a lot of Alexandra supermarket businesses aren't easy to find on Google — so I built you a FREE sample site to show what's possible: https://thabs1234.github.io/sitecraft-sa/samples/townships/alexandra-spar.html
No catch, just proof. If you like it, the real version is R1,500 setup + R450/month and comes WhatsApp-ready. Want it to be yours? Reply SITECRAFT.",,no_phone
Alexandra,Woolworths,supermarket,,https://thabs1234.github.io/sitecraft-sa/samples/townships/alexandra-woolworths.html,"Hi Woolworths 👋 Thabang from SiteCraft SA here. I noticed a lot of Alexandra supermarket businesses aren't easy to find on Google — so I built you a FREE sample site to show what's possible: https://thabs1234.github.io/sitecraft-sa/samples/townships/alexandra-woolworths.html
No catch, just proof. If you like it, the real version is R1,500 setup + R450/month and comes WhatsApp-ready. Want it to be yours? Reply SITECRAFT.",,no_phone
Alexandra,Beith Digital Printing Lab,yes,,https://thabs1234.github.io/sitecraft-sa/samples/townships/alexandra-beith-digital-printing-lab.html,"Hi Beith Digital Printing Lab 👋 Thabang from SiteCraft SA here. I noticed a lot of Alexandra yes businesses aren't easy to find on Google — so I built you a FREE sample site to show what's possible: https://thabs1234.github.io/sitecraft-sa/samples/townships/alexandra-beith-digital-printing-lab.html
No catch, just proof. If you like it, the real version is R1,500 setup + R450/month and comes WhatsApp-ready. Want it to be yours? Reply SITECRAFT.",,no_phone
Khayelitsha,Emoyeni Tavern,alcohol,,https://thabs1234.github.io/sitecraft-sa/samples/townships/khayelitsha-emoyeni-tavern.html,"Hi Emoyeni Tavern 👋 Thabang from SiteCraft SA here. I noticed a lot of Khayelitsha alcohol businesses aren't easy to find on Google — so I built you a FREE sample site to show what's possible: https://thabs1234.github.io/sitecraft-sa/samples/townships/khayelitsha-emoyeni-tavern.html
No catch, just proof. If you like it, the real version is R1,500 setup + R450/month and comes WhatsApp-ready. Want it to be yours? Reply SITECRAFT.",,no_phone
Khayelitsha,ABSA,bank,,https://thabs1234.github.io/sitecraft-sa/samples/townships/khayelitsha-absa.html,"Hi ABSA 👋 Thabang from SiteCraft SA here. I noticed a lot of Khayelitsha bank businesses aren't easy to find on Google — so I built you a FREE sample site to show what's possible: https://thabs1234.github.io/sitecraft-sa/samples/townships/khayelitsha-absa.html
No catch, just proof. If you like it, the real version is R1,500 setup + R450/month and comes WhatsApp-ready. Want it to be yours? Reply SITECRAFT.",,no_phone
Khayelitsha,African Bank,bank,,https://thabs1234.github.io/sitecraft-sa/samples/townships/khayelitsha-african-bank.html,"Hi African Bank 👋 Thabang from SiteCraft SA here. I noticed a lot of Khayelitsha bank businesses aren't easy to find on Google — so I built you a FREE sample site to show what's possible: https://thabs1234.github.io/sitecraft-sa/samples/townships/khayelitsha-african-bank.html
No catch, just proof. If you like it, the real version is R1,500 setup + R450/month and comes WhatsApp-ready. Want it to be yours? Reply SITECRAFT.",,no_phone
Khayelitsha,Shebeen,bar,,https://thabs1234.github.io/sitecraft-sa/samples/townships/khayelitsha-shebeen.html,"Hi Shebeen 👋 Thabang from SiteCraft SA here. I noticed a lot of Khayelitsha bar businesses aren't easy to find on Google — so I built you a FREE sample site to show what's possible: https://thabs1234.github.io/sitecraft-sa/samples/townships/khayelitsha-shebeen.html
No catch, just proof. If you like it, the real version is R1,500 setup + R450/month and comes WhatsApp-ready. Want it to be yours? Reply SITECRAFT.",,no_phone
Khayelitsha,Shebeen,bar,,https://thabs1234.github.io/sitecraft-sa/samples/townships/khayelitsha-shebeen.html,"Hi Shebeen 👋 Thabang from SiteCraft SA here. I noticed a lot of Khayelitsha bar businesses aren't easy to find on Google — so I built you a FREE sample site to show what's possible: https://thabs1234.github.io/sitecraft-sa/samples/townships/khayelitsha-shebeen.html
No catch, just proof. If you like it, the real version is R1,500 setup + R450/month and comes WhatsApp-ready. Want it to be yours? Reply SITECRAFT.",,no_phone
Khayelitsha,Shebeen,bar,,https://thabs1234.github.io/sitecraft-sa/samples/townships/khayelitsha-shebeen.html,"Hi Shebeen 👋 Thabang from SiteCraft SA here. I noticed a lot of Khayelitsha bar businesses aren't easy to find on Google — so I built you a FREE sample site to show what's possible: https://thabs1234.github.io/sitecraft-sa/samples/townships/khayelitsha-shebeen.html
No catch, just proof. If you like it, the real version is R1,500 setup + R450/month and comes WhatsApp-ready. Want it to be yours? Reply SITECRAFT.",,no_phone
Khayelitsha,Shebeen,bar,,https://thabs1234.github.io/sitecraft-sa/samples/townships/khayelitsha-shebeen.html,"Hi Shebeen 👋 Thabang from SiteCraft SA here. I noticed a lot of Khayelitsha bar businesses aren't easy to find on Google — so I built you a FREE sample site to show what's possible: https://thabs1234.github.io/sitecraft-sa/samples/townships/khayelitsha-shebeen.html
No catch, just proof. If you like it, the real version is R1,500 setup + R450/month and comes WhatsApp-ready. Want it to be yours? Reply SITECRAFT.",,no_phone
Khayelitsha,Shebeen,bar,,https://thabs1234.github.io/sitecraft-sa/samples/townships/khayelitsha-shebeen.html,"Hi Shebeen 👋 Thabang from SiteCraft SA here. I noticed a lot of Khayelitsha bar businesses aren't easy to find on Google — so I built you a FREE sample site to show what's possible: https://thabs1234.github.io/sitecraft-sa/samples/townships/khayelitsha-shebeen.html
No catch, just proof. If you like it, the real version is R1,500 setup + R450/month and comes WhatsApp-ready. Want it to be yours? Reply SITECRAFT.",,no_phone
Khayelitsha,Shebeen,bar,,https://thabs1234.github.io/sitecraft-sa/samples/townships/khayelitsha-shebeen.html,"Hi Shebeen 👋 Thabang from SiteCraft SA here. I noticed a lot of Khayelitsha bar businesses aren't easy to find on Google — so I built you a FREE sample site to show what's possible: https://thabs1234.github.io/sitecraft-sa/samples/townships/khayelitsha-shebeen.html
No catch, just proof. If you like it, the real version is R1,500 setup + R450/month and comes WhatsApp-ready. Want it to be yours? Reply SITECRAFT.",,no_phone
Khayelitsha,Shebeen,bar,,https://thabs1234.github.io/sitecraft-sa/samples/townships/khayelitsha-shebeen.html,"Hi Shebeen 👋 Thabang from SiteCraft SA here. I noticed a lot of Khayelitsha bar businesses aren't easy to find on Google — so I built you a FREE sample site to show what's possible: https://thabs1234.github.io/sitecraft-sa/samples/townships/khayelitsha-shebeen.html
No catch, just proof. If you like it, the real version is R1,500 setup + R450/month and comes WhatsApp-ready. Want it to be yours? Reply SITECRAFT.",,no_phone
Khayelitsha,Shebeen,bar,,https://thabs1234.github.io/sitecraft-sa/samples/townships/khayelitsha-shebeen.html,"Hi Shebeen 👋 Thabang from SiteCraft SA here. I noticed a lot of Khayelitsha bar businesses aren't easy to find on Google — so I built you a FREE sample site to show what's possible: https://thabs1234.github.io/sitecraft-sa/samples/townships/khayelitsha-shebeen.html
No catch, just proof. If you like it, the real version is R1,500 setup + R450/month and comes WhatsApp-ready. Want it to be yours? Reply SITECRAFT.",,no_phone
Khayelitsha,Shebeen,bar,,https://thabs1234.github.io/sitecraft-sa/samples/townships/khayelitsha-shebeen.html,"Hi Shebeen 👋 Thabang from SiteCraft SA here. I noticed a lot of Khayelitsha bar businesses aren't easy to find on Google — so I built you a FREE sample site to show what's possible: https://thabs1234.github.io/sitecraft-sa/samples/townships/khayelitsha-shebeen.html
No catch, just proof. If you like it, the real version is R1,500 setup + R450/month and comes WhatsApp-ready. Want it to be yours? Reply SITECRAFT.",,no_phone
Khayelitsha,Shebeen,bar,,https://thabs1234.github.io/sitecraft-sa/samples/townships/khayelitsha-shebeen.html,"Hi Shebeen 👋 Thabang from SiteCraft SA here. I noticed a lot of Khayelitsha bar businesses aren't easy to find on Google — so I built you a FREE sample site to show what's possible: https://thabs1234.github.io/sitecraft-sa/samples/townships/khayelitsha-shebeen.html
No catch, just proof. If you like it, the real version is R1,500 setup + R450/month and comes WhatsApp-ready. Want it to be yours? Reply SITECRAFT.",,no_phone
Khayelitsha,Shebeen,bar,,https://thabs1234.github.io/sitecraft-sa/samples/townships/khayelitsha-shebeen.html,"Hi Shebeen 👋 Thabang from SiteCraft SA here. I noticed a lot of Khayelitsha bar businesses aren't easy to find on Google — so I built you a FREE sample site to show what's possible: https://thabs1234.github.io/sitecraft-sa/samples/townships/khayelitsha-shebeen.html
No catch, just proof. If you like it, the real version is R1,500 setup + R450/month and comes WhatsApp-ready. Want it to be yours? Reply SITECRAFT.",,no_phone
Khayelitsha,Shebeen,bar,,https://thabs1234.github.io/sitecraft-sa/samples/townships/khayelitsha-shebeen.html,"Hi Shebeen 👋 Thabang from SiteCraft SA here. I noticed a lot of Khayelitsha bar businesses aren't easy to find on Google — so I built you a FREE sample site to show what's possible: https://thabs1234.github.io/sitecraft-sa/samples/townships/khayelitsha-shebeen.html
No catch, just proof. If you like it, the real version is R1,500 setup + R450/month and comes WhatsApp-ready. Want it to be yours? Reply SITECRAFT.",,no_phone
Khayelitsha,Tavern,bar,,https://thabs1234.github.io/sitecraft-sa/samples/townships/khayelitsha-tavern.html,"Hi Tavern 👋 Thabang from SiteCraft SA here. I noticed a lot of Khayelitsha bar businesses aren't easy to find on Google — so I built you a FREE sample site to show what's possible: https://thabs1234.github.io/sitecraft-sa/samples/townships/khayelitsha-tavern.html
No catch, just proof. If you like it, the real version is R1,500 setup + R450/month and comes WhatsApp-ready. Want it to be yours? Reply SITECRAFT.",,no_phone
Khayelitsha,RS Beauty Salon,beauty,,https://thabs1234.github.io/sitecraft-sa/samples/townships/khayelitsha-rs-beauty-salon.html,"Hi RS Beauty Salon 👋 Thabang from SiteCraft SA here. I noticed a lot of Khayelitsha beauty businesses aren't easy to find on Google — so I built you a FREE sample site to show what's possible: https://thabs1234.github.io/sitecraft-sa/samples/townships/khayelitsha-rs-beauty-salon.html
No catch, just proof. If you like it, the real version is R1,500 setup + R450/month and comes WhatsApp-ready. Want it to be yours? Reply SITECRAFT.",,no_phone
Khayelitsha,Thembisa Car Wash,car_wash,,https://thabs1234.github.io/sitecraft-sa/samples/townships/khayelitsha-thembisa-car-wash.html,"Hi Thembisa Car Wash 👋 Thabang from SiteCraft SA here. I noticed a lot of Khayelitsha car_wash businesses aren't easy to find on Google — so I built you a FREE sample site to show what's possible: https://thabs1234.github.io/sitecraft-sa/samples/townships/khayelitsha-thembisa-car-wash.html
No catch, just proof. If you like it, the real version is R1,500 setup + R450/month and comes WhatsApp-ready. Want it to be yours? Reply SITECRAFT.",,no_phone
Khayelitsha,Kuyasa Clinic,clinic,,https://thabs1234.github.io/sitecraft-sa/samples/townships/khayelitsha-kuyasa-clinic.html,"Hi Kuyasa Clinic 👋 Thabang from SiteCraft SA here. I noticed a lot of Khayelitsha clinic businesses aren't easy to find on Google — so I built you a FREE sample site to show what's possible: https://thabs1234.github.io/sitecraft-sa/samples/townships/khayelitsha-kuyasa-clinic.html
No catch, just proof. If you like it, the real version is R1,500 setup + R450/month and comes WhatsApp-ready. Want it to be yours? Reply SITECRAFT.",,no_phone
Khayelitsha,Kuyasa Male Clinic,clinic,+27 21 444 6939,https://thabs1234.github.io/sitecraft-sa/samples/townships/khayelitsha-kuyasa-male-clinic.html,"Hi Kuyasa Male Clinic 👋 Thabang from SiteCraft SA here. I noticed a lot of Khayelitsha clinic businesses aren't easy to find on Google — so I built you a FREE sample site to show what's possible: https://thabs1234.github.io/sitecraft-sa/samples/townships/khayelitsha-kuyasa-male-clinic.html
No catch, just proof. If you like it, the real version is R1,500 setup + R450/month and comes WhatsApp-ready. Want it to be yours? Reply SITECRAFT.",https://wa.me/27214446939?text=Hi%20Kuyasa%20Male%20Clinic%20%F0%9F%91%8B%20Thabang%20from%20SiteCraft%20SA%20here.%20I%20noticed%20a%20lot%20of%20Khayelitsha%20clinic%20businesses%20aren%27t%20easy%20to%20find%20on%20Google%20%E2%80%94%20so%20I%20built%20you%20a%20FREE%20sample%20site%20to%20show%20what%27s%20possible%3A%20https%3A//thabs1234.github.io/sitecraft-sa/samples/townships/khayelitsha-kuyasa-male-clinic.html%0ANo%20catch%2C%20just%20proof.%20If%20you%20like%20it%2C%20the%20real%20version%20is%20R1%2C500%20setup%20%2B%20R450/month%20and%20comes%20WhatsApp-ready.%20Want%20it%20to%20be%20yours%3F%20Reply%20SITECRAFT.,pending
Khayelitsha,Lizo Nobanda TB Centre,clinic,,https://thabs1234.github.io/sitecraft-sa/samples/townships/khayelitsha-lizo-nobanda-tb-centre.html,"Hi Lizo Nobanda TB Centre 👋 Thabang from SiteCraft SA here. I noticed a lot of Khayelitsha clinic businesses aren't easy to find on Google — so I built you a FREE sample site to show what's possible: https://thabs1234.github.io/sitecraft-sa/samples/townships/khayelitsha-lizo-nobanda-tb-centre.html
No catch, just proof. If you like it, the real version is R1,500 setup + R450/month and comes WhatsApp-ready. Want it to be yours? Reply SITECRAFT.",,no_phone
Khayelitsha,Matthew Goniwe Clinic,clinic,+27 21 444 2918,https://thabs1234.github.io/sitecraft-sa/samples/townships/khayelitsha-matthew-goniwe-clinic.html,"Hi Matthew Goniwe Clinic 👋 Thabang from SiteCraft SA here. I noticed a lot of Khayelitsha clinic businesses aren't easy to find on Google — so I built you a FREE sample site to show what's possible: https://thabs1234.github.io/sitecraft-sa/samples/townships/khayelitsha-matthew-goniwe-clinic.html
No catch, just proof. If you like it, the real version is R1,500 setup + R450/month and comes WhatsApp-ready. Want it to be yours? Reply SITECRAFT.",https://wa.me/27214442918?text=Hi%20Matthew%20Goniwe%20Clinic%20%F0%9F%91%8B%20Thabang%20from%20SiteCraft%20SA%20here.%20I%20noticed%20a%20lot%20of%20Khayelitsha%20clinic%20businesses%20aren%27t%20easy%20to%20find%20on%20Google%20%E2%80%94%20so%20I%20built%20you%20a%20FREE%20sample%20site%20to%20show%20what%27s%20possible%3A%20https%3A//thabs1234.github.io/sitecraft-sa/samples/townships/khayelitsha-matthew-goniwe-clinic.html%0ANo%20catch%2C%20just%20proof.%20If%20you%20like%20it%2C%20the%20real%20version%20is%20R1%2C500%20setup%20%2B%20R450/month%20and%20comes%20WhatsApp-ready.%20Want%20it%20to%20be%20yours%3F%20Reply%20SITECRAFT.,pending
Khayelitsha,Mayenzeke Clinic,clinic,+27 214443479,https://thabs1234.github.io/sitecraft-sa/samples/townships/khayelitsha-mayenzeke-clinic.html,"Hi Mayenzeke Clinic 👋 Thabang from SiteCraft SA here. I noticed a lot of Khayelitsha clinic businesses aren't easy to find on Google — so I built you a FREE sample site to show what's possible: https://thabs1234.github.io/sitecraft-sa/samples/townships/khayelitsha-mayenzeke-clinic.html
No catch, just proof. If you like it, the real version is R1,500 setup + R450/month and comes WhatsApp-ready. Want it to be yours? Reply SITECRAFT.",https://wa.me/27214443479?text=Hi%20Mayenzeke%20Clinic%20%F0%9F%91%8B%20Thabang%20from%20SiteCraft%20SA%20here.%20I%20noticed%20a%20lot%20of%20Khayelitsha%20clinic%20businesses%20aren%27t%20easy%20to%20find%20on%20Google%20%E2%80%94%20so%20I%20built%20you%20a%20FREE%20sample%20site%20to%20show%20what%27s%20possible%3A%20https%3A//thabs1234.github.io/sitecraft-sa/samples/townships/khayelitsha-mayenzeke-clinic.html%0ANo%20catch%2C%20just%20proof.%20If%20you%20like%20it%2C%20the%20real%20version%20is%20R1%2C500%20setup%20%2B%20R450/month%20and%20comes%20WhatsApp-ready.%20Want%20it%20to%20be%20yours%3F%20Reply%20SITECRAFT.,pending
Khayelitsha,Site B Community Health Clinic,clinic,+27 21 360 5200;+27 21 360 5208,https://thabs1234.github.io/sitecraft-sa/samples/townships/khayelitsha-site-b-community-health-clin.html,"Hi Site B Community Health Clinic 👋 Thabang from SiteCraft SA here. I noticed a lot of Khayelitsha clinic businesses aren't easy to find on Google — so I built you a FREE sample site to show what's possible: https://thabs1234.github.io/sitecraft-sa/samples/townships/khayelitsha-site-b-community-health-clin.html
No catch, just proof. If you like it, the real version is R1,500 setup + R450/month and comes WhatsApp-ready. Want it to be yours? Reply SITECRAFT.",https://wa.me/2721360520027213605208?text=Hi%20Site%20B%20Community%20Health%20Clinic%20%F0%9F%91%8B%20Thabang%20from%20SiteCraft%20SA%20here.%20I%20noticed%20a%20lot%20of%20Khayelitsha%20clinic%20businesses%20aren%27t%20easy%20to%20find%20on%20Google%20%E2%80%94%20so%20I%20built%20you%20a%20FREE%20sample%20site%20to%20show%20what%27s%20possible%3A%20https%3A//thabs1234.github.io/sitecraft-sa/samples/townships/khayelitsha-site-b-community-health-clin.html%0ANo%20catch%2C%20just%20proof.%20If%20you%20like%20it%2C%20the%20real%20version%20is%20R1%2C500%20setup%20%2B%20R450/month%20and%20comes%20WhatsApp-ready.%20Want%20it%20to%20be%20yours%3F%20Reply%20SITECRAFT.,pending
Khayelitsha,Site B Male Clinic,clinic,+27 21 824 2773,https://thabs1234.github.io/sitecraft-sa/samples/townships/khayelitsha-site-b-male-clinic.html,"Hi Site B Male Clinic 👋 Thabang from SiteCraft SA here. I noticed a lot of Khayelitsha clinic businesses aren't easy to find on Google — so I built you a FREE sample site to show what's possible: https://thabs1234.github.io/sitecraft-sa/samples/townships/khayelitsha-site-b-male-clinic.html
No catch, just proof. If you like it, the real version is R1,500 setup + R450/month and comes WhatsApp-ready. Want it to be yours? Reply SITECRAFT.",https://wa.me/27218242773?text=Hi%20Site%20B%20Male%20Clinic%20%F0%9F%91%8B%20Thabang%20from%20SiteCraft%20SA%20here.%20I%20noticed%20a%20lot%20of%20Khayelitsha%20clinic%20businesses%20aren%27t%20easy%20to%20find%20on%20Google%20%E2%80%94%20so%20I%20built%20you%20a%20FREE%20sample%20site%20to%20show%20what%27s%20possible%3A%20https%3A//thabs1234.github.io/sitecraft-sa/samples/townships/khayelitsha-site-b-male-clinic.html%0ANo%20catch%2C%20just%20proof.%20If%20you%20like%20it%2C%20the%20real%20version%20is%20R1%2C500%20setup%20%2B%20R450/month%20and%20comes%20WhatsApp-ready.%20Want%20it%20to%20be%20yours%3F%20Reply%20SITECRAFT.,pending
Khayelitsha,Site B Youth Clinic,clinic,+27 21 444 2809,https://thabs1234.github.io/sitecraft-sa/samples/townships/khayelitsha-site-b-youth-clinic.html,"Hi Site B Youth Clinic 👋 Thabang from SiteCraft SA here. I noticed a lot of Khayelitsha clinic businesses aren't easy to find on Google — so I built you a FREE sample site to show what's possible: https://thabs1234.github.io/sitecraft-sa/samples/townships/khayelitsha-site-b-youth-clinic.html
No catch, just proof. If you like it, the real version is R1,500 setup + R450/month and comes WhatsApp-ready. Want it to be yours? Reply SITECRAFT.",https://wa.me/27214442809?text=Hi%20Site%20B%20Youth%20Clinic%20%F0%9F%91%8B%20Thabang%20from%20SiteCraft%20SA%20here.%20I%20noticed%20a%20lot%20of%20Khayelitsha%20clinic%20businesses%20aren%27t%20easy%20to%20find%20on%20Google%20%E2%80%94%20so%20I%20built%20you%20a%20FREE%20sample%20site%20to%20show%20what%27s%20possible%3A%20https%3A//thabs1234.github.io/sitecraft-sa/samples/townships/khayelitsha-site-b-youth-clinic.html%0ANo%20catch%2C%20just%20proof.%20If%20you%20like%20it%2C%20the%20real%20version%20is%20R1%2C500%20setup%20%2B%20R450/month%20and%20comes%20WhatsApp-ready.%20Want%20it%20to%20be%20yours%3F%20Reply%20SITECRAFT.,pending
Khayelitsha,Wellness Hub 1,clinic,,https://thabs1234.github.io/sitecraft-sa/samples/townships/khayelitsha-wellness-hub-1.html,"Hi Wellness Hub 1 👋 Thabang from SiteCraft SA here. I noticed a lot of Khayelitsha clinic businesses aren't easy to find on Google — so I built you a FREE sample site to show what's possible: https://thabs1234.github.io/sitecraft-sa/samples/townships/khayelitsha-wellness-hub-1.html
No catch, just proof. If you like it, the real version is R1,500 setup + R450/month and comes WhatsApp-ready. Want it to be yours? Reply SITECRAFT.",,no_phone
Khayelitsha,Ackermans,clothes,,https://thabs1234.github.io/sitecraft-sa/samples/townships/khayelitsha-ackermans.html,"Hi Ackermans 👋 Thabang from SiteCraft SA here. I noticed a lot of Khayelitsha clothes businesses aren't easy to find on Google — so I built you a FREE sample site to show what's possible: https://thabs1234.github.io/sitecraft-sa/samples/townships/khayelitsha-ackermans.html
No catch, just proof. If you like it, the real version is R1,500 setup + R450/month and comes WhatsApp-ready. Want it to be yours? Reply SITECRAFT.",,no_phone
Khayelitsha,China Clothing Shop,clothes,,https://thabs1234.github.io/sitecraft-sa/samples/townships/khayelitsha-china-clothing-shop.html,"Hi China Clothing Shop 👋 Thabang from SiteCraft SA here. I noticed a lot of Khayelitsha clothes businesses aren't easy to find on Google — so I built you a FREE sample site to show what's possible: https://thabs1234.github.io/sitecraft-sa/samples/townships/khayelitsha-china-clothing-shop.html
No catch, just proof. If you like it, the real version is R1,500 setup + R450/month and comes WhatsApp-ready. Want it to be yours? Reply SITECRAFT.",,no_phone
Khayelitsha,Jet,clothes,,https://thabs1234.github.io/sitecraft-sa/samples/townships/khayelitsha-jet.html,"Hi Jet 👋 Thabang from SiteCraft SA here. I noticed a lot of Khayelitsha clothes businesses aren't easy to find on Google — so I built you a FREE sample site to show what's possible: https://thabs1234.github.io/sitecraft-sa/samples/townships/khayelitsha-jet.html
No catch, just proof. If you like it, the real version is R1,500 setup + R450/month and comes WhatsApp-ready. Want it to be yours? Reply SITECRAFT.",,no_phone
Khayelitsha,Mr Price,clothes,,https://thabs1234.github.io/sitecraft-sa/samples/townships/khayelitsha-mr-price.html,"Hi Mr Price 👋 Thabang from SiteCraft SA here. I noticed a lot of Khayelitsha clothes businesses aren't easy to find on Google — so I built you a FREE sample site to show what's possible: https://thabs1234.github.io/sitecraft-sa/samples/townships/khayelitsha-mr-price.html
No catch, just proof. If you like it, the real version is R1,500 setup + R450/month and comes WhatsApp-ready. Want it to be yours? Reply SITECRAFT.",,no_phone
Khayelitsha,PEP,clothes,+27 21 904 1422,https://thabs1234.github.io/sitecraft-sa/samples/townships/khayelitsha-pep.html,"Hi PEP 👋 Thabang from SiteCraft SA here. I noticed a lot of Khayelitsha clothes businesses aren't easy to find on Google — so I built you a FREE sample site to show what's possible: https://thabs1234.github.io/sitecraft-sa/samples/townships/khayelitsha-pep.html
No catch, just proof. If you like it, the real version is R1,500 setup + R450/month and comes WhatsApp-ready. Want it to be yours? Reply SITECRAFT.",https://wa.me/27219041422?text=Hi%20PEP%20%F0%9F%91%8B%20Thabang%20from%20SiteCraft%20SA%20here.%20I%20noticed%20a%20lot%20of%20Khayelitsha%20clothes%20businesses%20aren%27t%20easy%20to%20find%20on%20Google%20%E2%80%94%20so%20I%20built%20you%20a%20FREE%20sample%20site%20to%20show%20what%27s%20possible%3A%20https%3A//thabs1234.github.io/sitecraft-sa/samples/townships/khayelitsha-pep.html%0ANo%20catch%2C%20just%20proof.%20If%20you%20like%20it%2C%20the%20real%20version%20is%20R1%2C500%20setup%20%2B%20R450/month%20and%20comes%20WhatsApp-ready.%20Want%20it%20to%20be%20yours%3F%20Reply%20SITECRAFT.,pending
Khayelitsha,PEP,clothes,+27 21 904 2370,https://thabs1234.github.io/sitecraft-sa/samples/townships/khayelitsha-pep.html,"Hi PEP 👋 Thabang from SiteCraft SA here. I noticed a lot of Khayelitsha clothes businesses aren't easy to find on Google — so I built you a FREE sample site to show what's possible: https://thabs1234.github.io/sitecraft-sa/samples/townships/khayelitsha-pep.html
No catch, just proof. If you like it, the real version is R1,500 setup + R450/month and comes WhatsApp-ready. Want it to be yours? Reply SITECRAFT.",https://wa.me/27219042370?text=Hi%20PEP%20%F0%9F%91%8B%20Thabang%20from%20SiteCraft%20SA%20here.%20I%20noticed%20a%20lot%20of%20Khayelitsha%20clothes%20businesses%20aren%27t%20easy%20to%20find%20on%20Google%20%E2%80%94%20so%20I%20built%20you%20a%20FREE%20sample%20site%20to%20show%20what%27s%20possible%3A%20https%3A//thabs1234.github.io/sitecraft-sa/samples/townships/khayelitsha-pep.html%0ANo%20catch%2C%20just%20proof.%20If%20you%20like%20it%2C%20the%20real%20version%20is%20R1%2C500%20setup%20%2B%20R450/month%20and%20comes%20WhatsApp-ready.%20Want%20it%20to%20be%20yours%3F%20Reply%20SITECRAFT.,pending
Khayelitsha,Bonjour,convenience,,https://thabs1234.github.io/sitecraft-sa/samples/townships/khayelitsha-bonjour.html,"Hi Bonjour 👋 Thabang from SiteCraft SA here. I noticed a lot of Khayelitsha convenience businesses aren't easy to find on Google — so I built you a FREE sample site to show what's possible: https://thabs1234.github.io/sitecraft-sa/samples/townships/khayelitsha-bonjour.html
No catch, just proof. If you like it, the real version is R1,500 setup + R450/month and comes WhatsApp-ready. Want it to be yours? Reply SITECRAFT.",,no_phone
Khayelitsha,Madontsela Shop,convenience,,https://thabs1234.github.io/sitecraft-sa/samples/townships/khayelitsha-madontsela-shop.html,"Hi Madontsela Shop 👋 Thabang from SiteCraft SA here. I noticed a lot of Khayelitsha convenience businesses aren't easy to find on Google — so I built you a FREE sample site to show what's possible: https://thabs1234.github.io/sitecraft-sa/samples/townships/khayelitsha-madontsela-shop.html
No catch, just proof. If you like it, the real version is R1,500 setup + R450/month and comes WhatsApp-ready. Want it to be yours? Reply SITECRAFT.",,no_phone
Khayelitsha,Pick n Pay Express,convenience,+27 21 901 0191,https://thabs1234.github.io/sitecraft-sa/samples/townships/khayelitsha-pick-n-pay-express.html,"Hi Pick n Pay Express 👋 Thabang from SiteCraft SA here. I noticed a lot of Khayelitsha convenience businesses aren't easy to find on Google — so I built you a FREE sample site to show what's possible: https://thabs1234.github.io/sitecraft-sa/samples/townships/khayelitsha-pick-n-pay-express.html
No catch, just proof. If you like it, the real version is R1,500 setup + R450/month and comes WhatsApp-ready. Want it to be yours? Reply SITECRAFT.",https://wa.me/27219010191?text=Hi%20Pick%20n%20Pay%20Express%20%F0%9F%91%8B%20Thabang%20from%20SiteCraft%20SA%20here.%20I%20noticed%20a%20lot%20of%20Khayelitsha%20convenience%20businesses%20aren%27t%20easy%20to%20find%20on%20Google%20%E2%80%94%20so%20I%20built%20you%20a%20FREE%20sample%20site%20to%20show%20what%27s%20possible%3A%20https%3A//thabs1234.github.io/sitecraft-sa/samples/townships/khayelitsha-pick-n-pay-express.html%0ANo%20catch%2C%20just%20proof.%20If%20you%20like%20it%2C%20the%20real%20version%20is%20R1%2C500%20setup%20%2B%20R450/month%20and%20comes%20WhatsApp-ready.%20Want%20it%20to%20be%20yours%3F%20Reply%20SITECRAFT.,pending
Khayelitsha,Quickshop,convenience,,https://thabs1234.github.io/sitecraft-sa/samples/townships/khayelitsha-quickshop.html,"Hi Quickshop 👋 Thabang from SiteCraft SA here. I noticed a lot of Khayelitsha convenience businesses aren't easy to find on Google — so I built you a FREE sample site to show what's possible: https://thabs1234.github.io/sitecraft-sa/samples/townships/khayelitsha-quickshop.html
No catch, just proof. If you like it, the real version is R1,500 setup + R450/month and comes WhatsApp-ready. Want it to be yours? Reply SITECRAFT.",,no_phone
Khayelitsha,Red Sea Shop,convenience,,https://thabs1234.github.io/sitecraft-sa/samples/townships/khayelitsha-red-sea-shop.html,"Hi Red Sea Shop 👋 Thabang from SiteCraft SA here. I noticed a lot of Khayelitsha convenience businesses aren't easy to find on Google — so I built you a FREE sample site to show what's possible: https://thabs1234.github.io/sitecraft-sa/samples/townships/khayelitsha-red-sea-shop.html
No catch, just proof. If you like it, the real version is R1,500 setup + R450/month and comes WhatsApp-ready. Want it to be yours? Reply SITECRAFT.",,no_phone
Khayelitsha,Key and Lock Service,doityourself,,https://thabs1234.github.io/sitecraft-sa/samples/townships/khayelitsha-key-and-lock-service.html,"Hi Key and Lock Service 👋 Thabang from SiteCraft SA here. I noticed a lot of Khayelitsha doityourself businesses aren't easy to find on Google — so I built you a FREE sample site to show what's possible: https://thabs1234.github.io/sitecraft-sa/samples/townships/khayelitsha-key-and-lock-service.html
No catch, just proof. If you like it, the real version is R1,500 setup + R450/month and comes WhatsApp-ready. Want it to be yours? Reply SITECRAFT.",,no_phone
Khayelitsha,Educare Centre,educational_institution,,https://thabs1234.github.io/sitecraft-sa/samples/townships/khayelitsha-educare-centre.html,"Hi Educare Centre 👋 Thabang from SiteCraft SA here. I noticed a lot of Khayelitsha educational_institution businesses aren't easy to find on Google — so I built you a FREE sample site to show what's possible: https://thabs1234.github.io/sitecraft-sa/samples/townships/khayelitsha-educare-centre.html
No catch, just proof. If you like it, the real version is R1,500 setup + R450/month and comes WhatsApp-ready. Want it to be yours? Reply SITECRAFT.",,no_phone
Khayelitsha,Cheap Cheap Cellular Repair,electronics,,https://thabs1234.github.io/sitecraft-sa/samples/townships/khayelitsha-cheap-cheap-cellular-repair.html,"Hi Cheap Cheap Cellular Repair 👋 Thabang from SiteCraft SA here. I noticed a lot of Khayelitsha electronics businesses aren't easy to find on Google — so I built you a FREE sample site to show what's possible: https://thabs1234.github.io/sitecraft-sa/samples/townships/khayelitsha-cheap-cheap-cellular-repair.html
No catch, just proof. If you like it, the real version is R1,500 setup + R450/month and comes WhatsApp-ready. Want it to be yours? Reply SITECRAFT.",,no_phone
Khayelitsha,OJ Refrigeration Sales and Repair,electronics,,https://thabs1234.github.io/sitecraft-sa/samples/townships/khayelitsha-oj-refrigeration-sales-and-r.html,"Hi OJ Refrigeration Sales and Repair 👋 Thabang from SiteCraft SA here. I noticed a lot of Khayelitsha electronics businesses aren't easy to find on Google — so I built you a FREE sample site to show what's possible: https://thabs1234.github.io/sitecraft-sa/samples/townships/khayelitsha-oj-refrigeration-sales-and-r.html
No catch, just proof. If you like it, the real version is R1,500 setup + R450/month and comes WhatsApp-ready. Want it to be yours? Reply SITECRAFT.",,no_phone
Khayelitsha,Braii place,fast_food,,https://thabs1234.github.io/sitecraft-sa/samples/townships/khayelitsha-braii-place.html,"Hi Braii place 👋 Thabang from SiteCraft SA here. I noticed a lot of Khayelitsha fast_food businesses aren't easy to find on Google — so I built you a FREE sample site to show what's possible: https://thabs1234.github.io/sitecraft-sa/samples/townships/khayelitsha-braii-place.html
No catch, just proof. If you like it, the real version is R1,500 setup + R450/month and comes WhatsApp-ready. Want it to be yours? Reply SITECRAFT.",,no_phone
Khayelitsha,Fish & Chips,fast_food,,https://thabs1234.github.io/sitecraft-sa/samples/townships/khayelitsha-fish-chips.html,"Hi Fish & Chips 👋 Thabang from SiteCraft SA here. I noticed a lot of Khayelitsha fast_food businesses aren't easy to find on Google — so I built you a FREE sample site to show what's possible: https://thabs1234.github.io/sitecraft-sa/samples/townships/khayelitsha-fish-chips.html
No catch, just proof. If you like it, the real version is R1,500 setup + R450/month and comes WhatsApp-ready. Want it to be yours? Reply SITECRAFT.",,no_phone
Khayelitsha,God's Grace Takeaway,fast_food,,https://thabs1234.github.io/sitecraft-sa/samples/townships/khayelitsha-god-s-grace-takeaway.html,"Hi God's Grace Takeaway 👋 Thabang from SiteCraft SA here. I noticed a lot of Khayelitsha fast_food businesses aren't easy to find on Google — so I built you a FREE sample site to show what's possible: https://thabs1234.github.io/sitecraft-sa/samples/townships/khayelitsha-god-s-grace-takeaway.html
No catch, just proof. If you like it, the real version is R1,500 setup + R450/month and comes WhatsApp-ready. Want it to be yours? Reply SITECRAFT.",,no_phone
Khayelitsha,Hungry Lion,fast_food,,https://thabs1234.github.io/sitecraft-sa/samples/townships/khayelitsha-hungry-lion.html,"Hi Hungry Lion 👋 Thabang from SiteCraft SA here. I noticed a lot of Khayelitsha fast_food businesses aren't easy to find on Google — so I built you a FREE sample site to show what's possible: https://thabs1234.github.io/sitecraft-sa/samples/townships/khayelitsha-hungry-lion.html
No catch, just proof. If you like it, the real version is R1,500 setup + R450/month and comes WhatsApp-ready. Want it to be yours? Reply SITECRAFT.",,no_phone
Khayelitsha,Sino's Takeaway,fast_food,,https://thabs1234.github.io/sitecraft-sa/samples/townships/khayelitsha-sino-s-takeaway.html,"Hi Sino's Takeaway 👋 Thabang from SiteCraft SA here. I noticed a lot of Khayelitsha fast_food businesses aren't easy to find on Google — so I built you a FREE sample site to show what's possible: https://thabs1234.github.io/sitecraft-sa/samples/townships/khayelitsha-sino-s-takeaway.html
No catch, just proof. If you like it, the real version is R1,500 setup + R450/month and comes WhatsApp-ready. Want it to be yours? Reply SITECRAFT.",,no_phone
Khayelitsha,Astron Energy,fuel,+27 21 909 6449,https://thabs1234.github.io/sitecraft-sa/samples/townships/khayelitsha-astron-energy.html,"Hi Astron Energy 👋 Thabang from SiteCraft SA here. I noticed a lot of Khayelitsha fuel businesses aren't easy to find on Google — so I built you a FREE sample site to show what's possible: https://thabs1234.github.io/sitecraft-sa/samples/townships/khayelitsha-astron-energy.html
No catch, just proof. If you like it, the real version is R1,500 setup + R450/month and comes WhatsApp-ready. Want it to be yours? Reply SITECRAFT.",https://wa.me/27219096449?text=Hi%20Astron%20Energy%20%F0%9F%91%8B%20Thabang%20from%20SiteCraft%20SA%20here.%20I%20noticed%20a%20lot%20of%20Khayelitsha%20fuel%20businesses%20aren%27t%20easy%20to%20find%20on%20Google%20%E2%80%94%20so%20I%20built%20you%20a%20FREE%20sample%20site%20to%20show%20what%27s%20possible%3A%20https%3A//thabs1234.github.io/sitecraft-sa/samples/townships/khayelitsha-astron-energy.html%0ANo%20catch%2C%20just%20proof.%20If%20you%20like%20it%2C%20the%20real%20version%20is%20R1%2C500%20setup%20%2B%20R450/month%20and%20comes%20WhatsApp-ready.%20Want%20it%20to%20be%20yours%3F%20Reply%20SITECRAFT.,pending
Khayelitsha,Astron Energy,fuel,+27 21 904 2814,https://thabs1234.github.io/sitecraft-sa/samples/townships/khayelitsha-astron-energy.html,"Hi Astron Energy 👋 Thabang from SiteCraft SA here. I noticed a lot of Khayelitsha fuel businesses aren't easy to find on Google — so I built you a FREE sample site to show what's possible: https://thabs1234.github.io/sitecraft-sa/samples/townships/khayelitsha-astron-energy.html
No catch, just proof. If you like it, the real version is R1,500 setup + R450/month and comes WhatsApp-ready. Want it to be yours? Reply SITECRAFT.",https://wa.me/27219042814?text=Hi%20Astron%20Energy%20%F0%9F%91%8B%20Thabang%20from%20SiteCraft%20SA%20here.%20I%20noticed%20a%20lot%20of%20Khayelitsha%20fuel%20businesses%20aren%27t%20easy%20to%20find%20on%20Google%20%E2%80%94%20so%20I%20built%20you%20a%20FREE%20sample%20site%20to%20show%20what%27s%20possible%3A%20https%3A//thabs1234.github.io/sitecraft-sa/samples/townships/khayelitsha-astron-energy.html%0ANo%20catch%2C%20just%20proof.%20If%20you%20like%20it%2C%20the%20real%20version%20is%20R1%2C500%20setup%20%2B%20R450/month%20and%20comes%20WhatsApp-ready.%20Want%20it%20to%20be%20yours%3F%20Reply%20SITECRAFT.,pending
Khayelitsha,Astron Energy,fuel,+27 21 361 7657,https://thabs1234.github.io/sitecraft-sa/samples/townships/khayelitsha-astron-energy.html,"Hi Astron Energy 👋 Thabang from SiteCraft SA here. I noticed a lot of Khayelitsha fuel businesses aren't easy to find on Google — so I built you a FREE sample site to show what's possible: https://thabs1234.github.io/sitecraft-sa/samples/townships/khayelitsha-astron-energy.html
No catch, just proof. If you like it, the real version is R1,500 setup + R450/month and comes WhatsApp-ready. Want it to be yours? Reply SITECRAFT.",https://wa.me/27213617657?text=Hi%20Astron%20Energy%20%F0%9F%91%8B%20Thabang%20from%20SiteCraft%20SA%20here.%20I%20noticed%20a%20lot%20of%20Khayelitsha%20fuel%20businesses%20aren%27t%20easy%20to%20find%20on%20Google%20%E2%80%94%20so%20I%20built%20you%20a%20FREE%20sample%20site%20to%20show%20what%27s%20possible%3A%20https%3A//thabs1234.github.io/sitecraft-sa/samples/townships/khayelitsha-astron-energy.html%0ANo%20catch%2C%20just%20proof.%20If%20you%20like%20it%2C%20the%20real%20version%20is%20R1%2C500%20setup%20%2B%20R450/month%20and%20comes%20WhatsApp-ready.%20Want%20it%20to%20be%20yours%3F%20Reply%20SITECRAFT.,pending
Khayelitsha,Astron Energy,fuel,+27 21 361 6133,https://thabs1234.github.io/sitecraft-sa/samples/townships/khayelitsha-astron-energy.html,"Hi Astron Energy 👋 Thabang from SiteCraft SA here. I noticed a lot of Khayelitsha fuel businesses aren't easy to find on Google — so I built you a FREE sample site to show what's possible: https://thabs1234.github.io/sitecraft-sa/samples/townships/khayelitsha-astron-energy.html
No catch, just proof. If you like it, the real version is R1,500 setup + R450/month and comes WhatsApp-ready. Want it to be yours? Reply SITECRAFT.",https://wa.me/27213616133?text=Hi%20Astron%20Energy%20%F0%9F%91%8B%20Thabang%20from%20SiteCraft%20SA%20here.%20I%20noticed%20a%20lot%20of%20Khayelitsha%20fuel%20businesses%20aren%27t%20easy%20to%20find%20on%20Google%20%E2%80%94%20so%20I%20built%20you%20a%20FREE%20sample%20site%20to%20show%20what%27s%20possible%3A%20https%3A//thabs1234.github.io/sitecraft-sa/samples/townships/khayelitsha-astron-energy.html%0ANo%20catch%2C%20just%20proof.%20If%20you%20like%20it%2C%20the%20real%20version%20is%20R1%2C500%20setup%20%2B%20R450/month%20and%20comes%20WhatsApp-ready.%20Want%20it%20to%20be%20yours%3F%20Reply%20SITECRAFT.,pending
Khayelitsha,BP,fuel,+27 21 364 2998,https://thabs1234.github.io/sitecraft-sa/samples/townships/khayelitsha-bp.html,"Hi BP 👋 Thabang from SiteCraft SA here. I noticed a lot of Khayelitsha fuel businesses aren't easy to find on Google — so I built you a FREE sample site to show what's possible: https://thabs1234.github.io/sitecraft-sa/samples/townships/khayelitsha-bp.html
No catch, just proof. If you like it, the real version is R1,500 setup + R450/month and comes WhatsApp-ready. Want it to be yours? Reply SITECRAFT.",https://wa.me/27213642998?text=Hi%20BP%20%F0%9F%91%8B%20Thabang%20from%20SiteCraft%20SA%20here.%20I%20noticed%20a%20lot%20of%20Khayelitsha%20fuel%20businesses%20aren%27t%20easy%20to%20find%20on%20Google%20%E2%80%94%20so%20I%20built%20you%20a%20FREE%20sample%20site%20to%20show%20what%27s%20possible%3A%20https%3A//thabs1234.github.io/sitecraft-sa/samples/townships/khayelitsha-bp.html%0ANo%20catch%2C%20just%20proof.%20If%20you%20like%20it%2C%20the%20real%20version%20is%20R1%2C500%20setup%20%2B%20R450/month%20and%20comes%20WhatsApp-ready.%20Want%20it%20to%20be%20yours%3F%20Reply%20SITECRAFT.,pending
Khayelitsha,BP,fuel,+27 82 553 0848,https://thabs1234.github.io/sitecraft-sa/samples/townships/khayelitsha-bp.html,"Hi BP 👋 Thabang from SiteCraft SA here. I noticed a lot of Khayelitsha fuel businesses aren't easy to find on Google — so I built you a FREE sample site to show what's possible: https://thabs1234.github.io/sitecraft-sa/samples/townships/khayelitsha-bp.html
No catch, just proof. If you like it, the real version is R1,500 setup + R450/month and comes WhatsApp-ready. Want it to be yours? Reply SITECRAFT.",https://wa.me/27825530848?text=Hi%20BP%20%F0%9F%91%8B%20Thabang%20from%20SiteCraft%20SA%20here.%20I%20noticed%20a%20lot%20of%20Khayelitsha%20fuel%20businesses%20aren%27t%20easy%20to%20find%20on%20Google%20%E2%80%94%20so%20I%20built%20you%20a%20FREE%20sample%20site%20to%20show%20what%27s%20possible%3A%20https%3A//thabs1234.github.io/sitecraft-sa/samples/townships/khayelitsha-bp.html%0ANo%20catch%2C%20just%20proof.%20If%20you%20like%20it%2C%20the%20real%20version%20is%20R1%2C500%20setup%20%2B%20R450/month%20and%20comes%20WhatsApp-ready.%20Want%20it%20to%20be%20yours%3F%20Reply%20SITECRAFT.,pending
Khayelitsha,Engen,fuel,+27 21 361 0051,https://thabs1234.github.io/sitecraft-sa/samples/townships/khayelitsha-engen.html,"Hi Engen 👋 Thabang from SiteCraft SA here. I noticed a lot of Khayelitsha fuel businesses aren't easy to find on Google — so I built you a FREE sample site to show what's possible: https://thabs1234.github.io/sitecraft-sa/samples/townships/khayelitsha-engen.html
No catch, just proof. If you like it, the real version is R1,500 setup + R450/month and comes WhatsApp-ready. Want it to be yours? Reply SITECRAFT.",https://wa.me/27213610051?text=Hi%20Engen%20%F0%9F%91%8B%20Thabang%20from%20SiteCraft%20SA%20here.%20I%20noticed%20a%20lot%20of%20Khayelitsha%20fuel%20businesses%20aren%27t%20easy%20to%20find%20on%20Google%20%E2%80%94%20so%20I%20built%20you%20a%20FREE%20sample%20site%20to%20show%20what%27s%20possible%3A%20https%3A//thabs1234.github.io/sitecraft-sa/samples/townships/khayelitsha-engen.html%0ANo%20catch%2C%20just%20proof.%20If%20you%20like%20it%2C%20the%20real%20version%20is%20R1%2C500%20setup%20%2B%20R450/month%20and%20comes%20WhatsApp-ready.%20Want%20it%20to%20be%20yours%3F%20Reply%20SITECRAFT.,pending
Khayelitsha,Engen,fuel,+27 21 392 3735,https://thabs1234.github.io/sitecraft-sa/samples/townships/khayelitsha-engen.html,"Hi Engen 👋 Thabang from SiteCraft SA here. I noticed a lot of Khayelitsha fuel businesses aren't easy to find on Google — so I built you a FREE sample site to show what's possible: https://thabs1234.github.io/sitecraft-sa/samples/townships/khayelitsha-engen.html
No catch, just proof. If you like it, the real version is R1,500 setup + R450/month and comes WhatsApp-ready. Want it to be yours? Reply SITECRAFT.",https://wa.me/27213923735?text=Hi%20Engen%20%F0%9F%91%8B%20Thabang%20from%20SiteCraft%20SA%20here.%20I%20noticed%20a%20lot%20of%20Khayelitsha%20fuel%20businesses%20aren%27t%20easy%20to%20find%20on%20Google%20%E2%80%94%20so%20I%20built%20you%20a%20FREE%20sample%20site%20to%20show%20what%27s%20possible%3A%20https%3A//thabs1234.github.io/sitecraft-sa/samples/townships/khayelitsha-engen.html%0ANo%20catch%2C%20just%20proof.%20If%20you%20like%20it%2C%20the%20real%20version%20is%20R1%2C500%20setup%20%2B%20R450/month%20and%20comes%20WhatsApp-ready.%20Want%20it%20to%20be%20yours%3F%20Reply%20SITECRAFT.,pending
Khayelitsha,Engen,fuel,+27 21 904 0571,https://thabs1234.github.io/sitecraft-sa/samples/townships/khayelitsha-engen.html,"Hi Engen 👋 Thabang from SiteCraft SA here. I noticed a lot of Khayelitsha fuel businesses aren't easy to find on Google — so I built you a FREE sample site to show what's possible: https://thabs1234.github.io/sitecraft-sa/samples/townships/khayelitsha-engen.html
No catch, just proof. If you like it, the real version is R1,500 setup + R450/month and comes WhatsApp-ready. Want it to be yours? Reply SITECRAFT.",https://wa.me/27219040571?text=Hi%20Engen%20%F0%9F%91%8B%20Thabang%20from%20SiteCraft%20SA%20here.%20I%20noticed%20a%20lot%20of%20Khayelitsha%20fuel%20businesses%20aren%27t%20easy%20to%20find%20on%20Google%20%E2%80%94%20so%20I%20built%20you%20a%20FREE%20sample%20site%20to%20show%20what%27s%20possible%3A%20https%3A//thabs1234.github.io/sitecraft-sa/samples/townships/khayelitsha-engen.html%0ANo%20catch%2C%20just%20proof.%20If%20you%20like%20it%2C%20the%20real%20version%20is%20R1%2C500%20setup%20%2B%20R450/month%20and%20comes%20WhatsApp-ready.%20Want%20it%20to%20be%20yours%3F%20Reply%20SITECRAFT.,pending
Khayelitsha,Ellerines,furniture,,https://thabs1234.github.io/sitecraft-sa/samples/townships/khayelitsha-ellerines.html,"Hi Ellerines 👋 Thabang from SiteCraft SA here. I noticed a lot of Khayelitsha furniture businesses aren't easy to find on Google — so I built you a FREE sample site to show what's possible: https://thabs1234.github.io/sitecraft-sa/samples/townships/khayelitsha-ellerines.html
No catch, just proof. If you like it, the real version is R1,500 setup + R450/month and comes WhatsApp-ready. Want it to be yours? Reply SITECRAFT.",,no_phone
Khayelitsha,Makhaza Furniture,furniture,,https://thabs1234.github.io/sitecraft-sa/samples/townships/khayelitsha-makhaza-furniture.html,"Hi Makhaza Furniture 👋 Thabang from SiteCraft SA here. I noticed a lot of Khayelitsha furniture businesses aren't easy to find on Google — so I built you a FREE sample site to show what's possible: https://thabs1234.github.io/sitecraft-sa/samples/townships/khayelitsha-makhaza-furniture.html
No catch, just proof. If you like it, the real version is R1,500 setup + R450/month and comes WhatsApp-ready. Want it to be yours? Reply SITECRAFT.",,no_phone
Khayelitsha,Russels,furniture,,https://thabs1234.github.io/sitecraft-sa/samples/townships/khayelitsha-russels.html,"Hi Russels 👋 Thabang from SiteCraft SA here. I noticed a lot of Khayelitsha furniture businesses aren't easy to find on Google — so I built you a FREE sample site to show what's possible: https://thabs1234.github.io/sitecraft-sa/samples/townships/khayelitsha-russels.html
No catch, just proof. If you like it, the real version is R1,500 setup + R450/month and comes WhatsApp-ready. Want it to be yours? Reply SITECRAFT.",,no_phone
Khayelitsha,ESKOM Service Centre,government,,https://thabs1234.github.io/sitecraft-sa/samples/townships/khayelitsha-eskom-service-centre.html,"Hi ESKOM Service Centre 👋 Thabang from SiteCraft SA here. I noticed a lot of Khayelitsha government businesses aren't easy to find on Google — so I built you a FREE sample site to show what's possible: https://thabs1234.github.io/sitecraft-sa/samples/townships/khayelitsha-eskom-service-centre.html
No catch, just proof. If you like it, the real version is R1,500 setup + R450/month and comes WhatsApp-ready. Want it to be yours? Reply SITECRAFT.",,no_phone
Khayelitsha,Dr. Mariam Herbalist,pharmacy,,https://thabs1234.github.io/sitecraft-sa/samples/townships/khayelitsha-dr-mariam-herbalist.html,"Hi Dr. Mariam Herbalist 👋 Thabang from SiteCraft SA here. I noticed a lot of Khayelitsha pharmacy businesses aren't easy to find on Google — so I built you a FREE sample site to show what's possible: https://thabs1234.github.io/sitecraft-sa/samples/townships/khayelitsha-dr-mariam-herbalist.html
No catch, just proof. If you like it, the real version is R1,500 setup + R450/month and comes WhatsApp-ready. Want it to be yours? Reply SITECRAFT.",,no_phone
Khayelitsha,Clara's Barn,restaurant,+27 21 202 4373,https://thabs1234.github.io/sitecraft-sa/samples/townships/khayelitsha-clara-s-barn.html,"Hi Clara's Barn 👋 Thabang from SiteCraft SA here. I noticed a lot of Khayelitsha restaurant businesses aren't easy to find on Google — so I built you a FREE sample site to show what's possible: https://thabs1234.github.io/sitecraft-sa/samples/townships/khayelitsha-clara-s-barn.html
No catch, just proof. If you like it, the real version is R1,500 setup + R450/month and comes WhatsApp-ready. Want it to be yours? Reply SITECRAFT.",https://wa.me/27212024373?text=Hi%20Clara%27s%20Barn%20%F0%9F%91%8B%20Thabang%20from%20SiteCraft%20SA%20here.%20I%20noticed%20a%20lot%20of%20Khayelitsha%20restaurant%20businesses%20aren%27t%20easy%20to%20find%20on%20Google%20%E2%80%94%20so%20I%20built%20you%20a%20FREE%20sample%20site%20to%20show%20what%27s%20possible%3A%20https%3A//thabs1234.github.io/sitecraft-sa/samples/townships/khayelitsha-clara-s-barn.html%0ANo%20catch%2C%20just%20proof.%20If%20you%20like%20it%2C%20the%20real%20version%20is%20R1%2C500%20setup%20%2B%20R450/month%20and%20comes%20WhatsApp-ready.%20Want%20it%20to%20be%20yours%3F%20Reply%20SITECRAFT.,pending
Khayelitsha,Tola Braai Place,restaurant,,https://thabs1234.github.io/sitecraft-sa/samples/townships/khayelitsha-tola-braai-place.html,"Hi Tola Braai Place 👋 Thabang from SiteCraft SA here. I noticed a lot of Khayelitsha restaurant businesses aren't easy to find on Google — so I built you a FREE sample site to show what's possible: https://thabs1234.github.io/sitecraft-sa/samples/townships/khayelitsha-tola-braai-place.html
No catch, just proof. If you like it, the real version is R1,500 setup + R450/month and comes WhatsApp-ready. Want it to be yours? Reply SITECRAFT.",,no_phone
Khayelitsha,Ntsiki Fishery,seafood,,https://thabs1234.github.io/sitecraft-sa/samples/townships/khayelitsha-ntsiki-fishery.html,"Hi Ntsiki Fishery 👋 Thabang from SiteCraft SA here. I noticed a lot of Khayelitsha seafood businesses aren't easy to find on Google — so I built you a FREE sample site to show what's possible: https://thabs1234.github.io/sitecraft-sa/samples/townships/khayelitsha-ntsiki-fishery.html
No catch, just proof. If you like it, the real version is R1,500 setup + R450/month and comes WhatsApp-ready. Want it to be yours? Reply SITECRAFT.",,no_phone
Khayelitsha,Fishery,supermarket,,https://thabs1234.github.io/sitecraft-sa/samples/townships/khayelitsha-fishery.html,"Hi Fishery 👋 Thabang from SiteCraft SA here. I noticed a lot of Khayelitsha supermarket businesses aren't easy to find on Google — so I built you a FREE sample site to show what's possible: https://thabs1234.github.io/sitecraft-sa/samples/townships/khayelitsha-fishery.html
No catch, just proof. If you like it, the real version is R1,500 setup + R450/month and comes WhatsApp-ready. Want it to be yours? Reply SITECRAFT.",,no_phone
Khayelitsha,John Shop,supermarket,,https://thabs1234.github.io/sitecraft-sa/samples/townships/khayelitsha-john-shop.html,"Hi John Shop 👋 Thabang from SiteCraft SA here. I noticed a lot of Khayelitsha supermarket businesses aren't easy to find on Google — so I built you a FREE sample site to show what's possible: https://thabs1234.github.io/sitecraft-sa/samples/townships/khayelitsha-john-shop.html
No catch, just proof. If you like it, the real version is R1,500 setup + R450/month and comes WhatsApp-ready. Want it to be yours? Reply SITECRAFT.",,no_phone
Khayelitsha,Kareem,supermarket,,https://thabs1234.github.io/sitecraft-sa/samples/townships/khayelitsha-kareem.html,"Hi Kareem 👋 Thabang from SiteCraft SA here. I noticed a lot of Khayelitsha supermarket businesses aren't easy to find on Google — so I built you a FREE sample site to show what's possible: https://thabs1234.github.io/sitecraft-sa/samples/townships/khayelitsha-kareem.html
No catch, just proof. If you like it, the real version is R1,500 setup + R450/month and comes WhatsApp-ready. Want it to be yours? Reply SITECRAFT.",,no_phone
Khayelitsha,Mabhabhela Fruit and Veg,supermarket,,https://thabs1234.github.io/sitecraft-sa/samples/townships/khayelitsha-mabhabhela-fruit-and-veg.html,"Hi Mabhabhela Fruit and Veg 👋 Thabang from SiteCraft SA here. I noticed a lot of Khayelitsha supermarket businesses aren't easy to find on Google — so I built you a FREE sample site to show what's possible: https://thabs1234.github.io/sitecraft-sa/samples/townships/khayelitsha-mabhabhela-fruit-and-veg.html
No catch, just proof. If you like it, the real version is R1,500 setup + R450/month and comes WhatsApp-ready. Want it to be yours? Reply SITECRAFT.",,no_phone
Khayelitsha,Mohammad Shop,supermarket,,https://thabs1234.github.io/sitecraft-sa/samples/townships/khayelitsha-mohammad-shop.html,"Hi Mohammad Shop 👋 Thabang from SiteCraft SA here. I noticed a lot of Khayelitsha supermarket businesses aren't easy to find on Google — so I built you a FREE sample site to show what's possible: https://thabs1234.github.io/sitecraft-sa/samples/townships/khayelitsha-mohammad-shop.html
No catch, just proof. If you like it, the real version is R1,500 setup + R450/month and comes WhatsApp-ready. Want it to be yours? Reply SITECRAFT.",,no_phone
Khayelitsha,Pick n Pay,supermarket,,https://thabs1234.github.io/sitecraft-sa/samples/townships/khayelitsha-pick-n-pay.html,"Hi Pick n Pay 👋 Thabang from SiteCraft SA here. I noticed a lot of Khayelitsha supermarket businesses aren't easy to find on Google — so I built you a FREE sample site to show what's possible: https://thabs1234.github.io/sitecraft-sa/samples/townships/khayelitsha-pick-n-pay.html
No catch, just proof. If you like it, the real version is R1,500 setup + R450/month and comes WhatsApp-ready. Want it to be yours? Reply SITECRAFT.",,no_phone
Khayelitsha,Pick n Pay,supermarket,+27 21 361 0443,https://thabs1234.github.io/sitecraft-sa/samples/townships/khayelitsha-pick-n-pay.html,"Hi Pick n Pay 👋 Thabang from SiteCraft SA here. I noticed a lot of Khayelitsha supermarket businesses aren't easy to find on Google — so I built you a FREE sample site to show what's possible: https://thabs1234.github.io/sitecraft-sa/samples/townships/khayelitsha-pick-n-pay.html
No catch, just proof. If you like it, the real version is R1,500 setup + R450/month and comes WhatsApp-ready. Want it to be yours? Reply SITECRAFT.",https://wa.me/27213610443?text=Hi%20Pick%20n%20Pay%20%F0%9F%91%8B%20Thabang%20from%20SiteCraft%20SA%20here.%20I%20noticed%20a%20lot%20of%20Khayelitsha%20supermarket%20businesses%20aren%27t%20easy%20to%20find%20on%20Google%20%E2%80%94%20so%20I%20built%20you%20a%20FREE%20sample%20site%20to%20show%20what%27s%20possible%3A%20https%3A//thabs1234.github.io/sitecraft-sa/samples/townships/khayelitsha-pick-n-pay.html%0ANo%20catch%2C%20just%20proof.%20If%20you%20like%20it%2C%20the%20real%20version%20is%20R1%2C500%20setup%20%2B%20R450/month%20and%20comes%20WhatsApp-ready.%20Want%20it%20to%20be%20yours%3F%20Reply%20SITECRAFT.,pending
Khayelitsha,Spar,supermarket,,https://thabs1234.github.io/sitecraft-sa/samples/townships/khayelitsha-spar.html,"Hi Spar 👋 Thabang from SiteCraft SA here. I noticed a lot of Khayelitsha supermarket businesses aren't easy to find on Google — so I built you a FREE sample site to show what's possible: https://thabs1234.github.io/sitecraft-sa/samples/townships/khayelitsha-spar.html
No catch, just proof. If you like it, the real version is R1,500 setup + R450/month and comes WhatsApp-ready. Want it to be yours? Reply SITECRAFT.",,no_phone
Khayelitsha,Wachoma,supermarket,,https://thabs1234.github.io/sitecraft-sa/samples/townships/khayelitsha-wachoma.html,"Hi Wachoma 👋 Thabang from SiteCraft SA here. I noticed a lot of Khayelitsha supermarket businesses aren't easy to find on Google — so I built you a FREE sample site to show what's possible: https://thabs1234.github.io/sitecraft-sa/samples/townships/khayelitsha-wachoma.html
No catch, just proof. If you like it, the real version is R1,500 setup + R450/month and comes WhatsApp-ready. Want it to be yours? Reply SITECRAFT.",,no_phone
Khayelitsha,Tailor,tailor,,https://thabs1234.github.io/sitecraft-sa/samples/townships/khayelitsha-tailor.html,"Hi Tailor 👋 Thabang from SiteCraft SA here. I noticed a lot of Khayelitsha tailor businesses aren't easy to find on Google — so I built you a FREE sample site to show what's possible: https://thabs1234.github.io/sitecraft-sa/samples/townships/khayelitsha-tailor.html
No catch, just proof. If you like it, the real version is R1,500 setup + R450/month and comes WhatsApp-ready. Want it to be yours? Reply SITECRAFT.",,no_phone
Khayelitsha,Tailor,tailor,,https://thabs1234.github.io/sitecraft-sa/samples/townships/khayelitsha-tailor.html,"Hi Tailor 👋 Thabang from SiteCraft SA here. I noticed a lot of Khayelitsha tailor businesses aren't easy to find on Google — so I built you a FREE sample site to show what's possible: https://thabs1234.github.io/sitecraft-sa/samples/townships/khayelitsha-tailor.html
No catch, just proof. If you like it, the real version is R1,500 setup + R450/month and comes WhatsApp-ready. Want it to be yours? Reply SITECRAFT.",,no_phone
Khayelitsha,Tailor,tailor,,https://thabs1234.github.io/sitecraft-sa/samples/townships/khayelitsha-tailor.html,"Hi Tailor 👋 Thabang from SiteCraft SA here. I noticed a lot of Khayelitsha tailor businesses aren't easy to find on Google — so I built you a FREE sample site to show what's possible: https://thabs1234.github.io/sitecraft-sa/samples/townships/khayelitsha-tailor.html
No catch, just proof. If you like it, the real version is R1,500 setup + R450/month and comes WhatsApp-ready. Want it to be yours? Reply SITECRAFT.",,no_phone
Khayelitsha,Tailor,tailor,,https://thabs1234.github.io/sitecraft-sa/samples/townships/khayelitsha-tailor.html,"Hi Tailor 👋 Thabang from SiteCraft SA here. I noticed a lot of Khayelitsha tailor businesses aren't easy to find on Google — so I built you a FREE sample site to show what's possible: https://thabs1234.github.io/sitecraft-sa/samples/townships/khayelitsha-tailor.html
No catch, just proof. If you like it, the real version is R1,500 setup + R450/month and comes WhatsApp-ready. Want it to be yours? Reply SITECRAFT.",,no_phone
Khayelitsha,Zingie Tyres,tyres,+27 61 437 1952,https://thabs1234.github.io/sitecraft-sa/samples/townships/khayelitsha-zingie-tyres.html,"Hi Zingie Tyres 👋 Thabang from SiteCraft SA here. I noticed a lot of Khayelitsha tyres businesses aren't easy to find on Google — so I built you a FREE sample site to show what's possible: https://thabs1234.github.io/sitecraft-sa/samples/townships/khayelitsha-zingie-tyres.html
No catch, just proof. If you like it, the real version is R1,500 setup + R450/month and comes WhatsApp-ready. Want it to be yours? Reply SITECRAFT.",https://wa.me/27614371952?text=Hi%20Zingie%20Tyres%20%F0%9F%91%8B%20Thabang%20from%20SiteCraft%20SA%20here.%20I%20noticed%20a%20lot%20of%20Khayelitsha%20tyres%20businesses%20aren%27t%20easy%20to%20find%20on%20Google%20%E2%80%94%20so%20I%20built%20you%20a%20FREE%20sample%20site%20to%20show%20what%27s%20possible%3A%20https%3A//thabs1234.github.io/sitecraft-sa/samples/townships/khayelitsha-zingie-tyres.html%0ANo%20catch%2C%20just%20proof.%20If%20you%20like%20it%2C%20the%20real%20version%20is%20R1%2C500%20setup%20%2B%20R450/month%20and%20comes%20WhatsApp-ready.%20Want%20it%20to%20be%20yours%3F%20Reply%20SITECRAFT.,pending
Khayelitsha,Shebeen,yes,,https://thabs1234.github.io/sitecraft-sa/samples/townships/khayelitsha-shebeen.html,"Hi Shebeen 👋 Thabang from SiteCraft SA here. I noticed a lot of Khayelitsha yes businesses aren't easy to find on Google — so I built you a FREE sample site to show what's possible: https://thabs1234.github.io/sitecraft-sa/samples/townships/khayelitsha-shebeen.html
No catch, just proof. If you like it, the real version is R1,500 setup + R450/month and comes WhatsApp-ready. Want it to be yours? Reply SITECRAFT.",,no_phone
Khayelitsha,Spaza,yes,,https://thabs1234.github.io/sitecraft-sa/samples/townships/khayelitsha-spaza.html,"Hi Spaza 👋 Thabang from SiteCraft SA here. I noticed a lot of Khayelitsha yes businesses aren't easy to find on Google — so I built you a FREE sample site to show what's possible: https://thabs1234.github.io/sitecraft-sa/samples/townships/khayelitsha-spaza.html
No catch, just proof. If you like it, the real version is R1,500 setup + R450/month and comes WhatsApp-ready. Want it to be yours? Reply SITECRAFT.",,no_phone
Khayelitsha,Spaza,yes,,https://thabs1234.github.io/sitecraft-sa/samples/townships/khayelitsha-spaza.html,"Hi Spaza 👋 Thabang from SiteCraft SA here. I noticed a lot of Khayelitsha yes businesses aren't easy to find on Google — so I built you a FREE sample site to show what's possible: https://thabs1234.github.io/sitecraft-sa/samples/townships/khayelitsha-spaza.html
No catch, just proof. If you like it, the real version is R1,500 setup + R450/month and comes WhatsApp-ready. Want it to be yours? Reply SITECRAFT.",,no_phone
Khayelitsha,Spaza,yes,,https://thabs1234.github.io/sitecraft-sa/samples/townships/khayelitsha-spaza.html,"Hi Spaza 👋 Thabang from SiteCraft SA here. I noticed a lot of Khayelitsha yes businesses aren't easy to find on Google — so I built you a FREE sample site to show what's possible: https://thabs1234.github.io/sitecraft-sa/samples/townships/khayelitsha-spaza.html
No catch, just proof. If you like it, the real version is R1,500 setup + R450/month and comes WhatsApp-ready. Want it to be yours? Reply SITECRAFT.",,no_phone
Khayelitsha,Veg Shop,yes,,https://thabs1234.github.io/sitecraft-sa/samples/townships/khayelitsha-veg-shop.html,"Hi Veg Shop 👋 Thabang from SiteCraft SA here. I noticed a lot of Khayelitsha yes businesses aren't easy to find on Google — so I built you a FREE sample site to show what's possible: https://thabs1234.github.io/sitecraft-sa/samples/townships/khayelitsha-veg-shop.html
No catch, just proof. If you like it, the real version is R1,500 setup + R450/month and comes WhatsApp-ready. Want it to be yours? Reply SITECRAFT.",,no_phone
Soweto,Soweto brewing company,bar,,https://thabs1234.github.io/sitecraft-sa/samples/townships/soweto-soweto-brewing-company.html,"Hi Soweto brewing company 👋 Thabang from SiteCraft SA here. I noticed a lot of Soweto bar businesses aren't easy to find on Google — so I built you a FREE sample site to show what's possible: https://thabs1234.github.io/sitecraft-sa/samples/townships/soweto-soweto-brewing-company.html
No catch, just proof. If you like it, the real version is R1,500 setup + R450/month and comes WhatsApp-ready. Want it to be yours? Reply SITECRAFT.",,no_phone
Soweto,The Shack,bar,,https://thabs1234.github.io/sitecraft-sa/samples/townships/soweto-the-shack.html,"Hi The Shack 👋 Thabang from SiteCraft SA here. I noticed a lot of Soweto bar businesses aren't easy to find on Google — so I built you a FREE sample site to show what's possible: https://thabs1234.github.io/sitecraft-sa/samples/townships/soweto-the-shack.html
No catch, just proof. If you like it, the real version is R1,500 setup + R450/month and comes WhatsApp-ready. Want it to be yours? Reply SITECRAFT.",,no_phone
Soweto,Vilakazi Espresso,cafe,,https://thabs1234.github.io/sitecraft-sa/samples/townships/soweto-vilakazi-espresso.html,"Hi Vilakazi Espresso 👋 Thabang from SiteCraft SA here. I noticed a lot of Soweto cafe businesses aren't easy to find on Google — so I built you a FREE sample site to show what's possible: https://thabs1234.github.io/sitecraft-sa/samples/townships/soweto-vilakazi-espresso.html
No catch, just proof. If you like it, the real version is R1,500 setup + R450/month and comes WhatsApp-ready. Want it to be yours? Reply SITECRAFT.",,no_phone
Soweto,Volkswagen,car,,https://thabs1234.github.io/sitecraft-sa/samples/townships/soweto-volkswagen.html,"Hi Volkswagen 👋 Thabang from SiteCraft SA here. I noticed a lot of Soweto car businesses aren't easy to find on Google — so I built you a FREE sample site to show what's possible: https://thabs1234.github.io/sitecraft-sa/samples/townships/soweto-volkswagen.html
No catch, just proof. If you like it, the real version is R1,500 setup + R450/month and comes WhatsApp-ready. Want it to be yours? Reply SITECRAFT.",,no_phone
Soweto,Shanty Clinic,clinic,,https://thabs1234.github.io/sitecraft-sa/samples/townships/soweto-shanty-clinic.html,"Hi Shanty Clinic 👋 Thabang from SiteCraft SA here. I noticed a lot of Soweto clinic businesses aren't easy to find on Google — so I built you a FREE sample site to show what's possible: https://thabs1234.github.io/sitecraft-sa/samples/townships/soweto-shanty-clinic.html
No catch, just proof. If you like it, the real version is R1,500 setup + R450/month and comes WhatsApp-ready. Want it to be yours? Reply SITECRAFT.",,no_phone
Soweto,PEP,clothes,+27 11 936 1153,https://thabs1234.github.io/sitecraft-sa/samples/townships/soweto-pep.html,"Hi PEP 👋 Thabang from SiteCraft SA here. I noticed a lot of Soweto clothes businesses aren't easy to find on Google — so I built you a FREE sample site to show what's possible: https://thabs1234.github.io/sitecraft-sa/samples/townships/soweto-pep.html
No catch, just proof. If you like it, the real version is R1,500 setup + R450/month and comes WhatsApp-ready. Want it to be yours? Reply SITECRAFT.",https://wa.me/27119361153?text=Hi%20PEP%20%F0%9F%91%8B%20Thabang%20from%20SiteCraft%20SA%20here.%20I%20noticed%20a%20lot%20of%20Soweto%20clothes%20businesses%20aren%27t%20easy%20to%20find%20on%20Google%20%E2%80%94%20so%20I%20built%20you%20a%20FREE%20sample%20site%20to%20show%20what%27s%20possible%3A%20https%3A//thabs1234.github.io/sitecraft-sa/samples/townships/soweto-pep.html%0ANo%20catch%2C%20just%20proof.%20If%20you%20like%20it%2C%20the%20real%20version%20is%20R1%2C500%20setup%20%2B%20R450/month%20and%20comes%20WhatsApp-ready.%20Want%20it%20to%20be%20yours%3F%20Reply%20SITECRAFT.,pending
Soweto,Shova Lifestyle Origin,clothes,,https://thabs1234.github.io/sitecraft-sa/samples/townships/soweto-shova-lifestyle-origin.html,"Hi Shova Lifestyle Origin 👋 Thabang from SiteCraft SA here. I noticed a lot of Soweto clothes businesses aren't easy to find on Google — so I built you a FREE sample site to show what's possible: https://thabs1234.github.io/sitecraft-sa/samples/townships/soweto-shova-lifestyle-origin.html
No catch, just proof. If you like it, the real version is R1,500 setup + R450/month and comes WhatsApp-ready. Want it to be yours? Reply SITECRAFT.",,no_phone
Soweto,Bonjour,convenience,,https://thabs1234.github.io/sitecraft-sa/samples/townships/soweto-bonjour.html,"Hi Bonjour 👋 Thabang from SiteCraft SA here. I noticed a lot of Soweto convenience businesses aren't easy to find on Google — so I built you a FREE sample site to show what's possible: https://thabs1234.github.io/sitecraft-sa/samples/townships/soweto-bonjour.html
No catch, just proof. If you like it, the real version is R1,500 setup + R450/month and comes WhatsApp-ready. Want it to be yours? Reply SITECRAFT.",,no_phone
Soweto,Killahs Liquor Store & Fast Foods,convenience,,https://thabs1234.github.io/sitecraft-sa/samples/townships/soweto-killahs-liquor-store-fast-foods.html,"Hi Killahs Liquor Store & Fast Foods 👋 Thabang from SiteCraft SA here. I noticed a lot of Soweto convenience businesses aren't easy to find on Google — so I built you a FREE sample site to show what's possible: https://thabs1234.github.io/sitecraft-sa/samples/townships/soweto-killahs-liquor-store-fast-foods.html
No catch, just proof. If you like it, the real version is R1,500 setup + R450/month and comes WhatsApp-ready. Want it to be yours? Reply SITECRAFT.",,no_phone
Soweto,Pick n Pay Express,convenience,+27 11 985 6796,https://thabs1234.github.io/sitecraft-sa/samples/townships/soweto-pick-n-pay-express.html,"Hi Pick n Pay Express 👋 Thabang from SiteCraft SA here. I noticed a lot of Soweto convenience businesses aren't easy to find on Google — so I built you a FREE sample site to show what's possible: https://thabs1234.github.io/sitecraft-sa/samples/townships/soweto-pick-n-pay-express.html
No catch, just proof. If you like it, the real version is R1,500 setup + R450/month and comes WhatsApp-ready. Want it to be yours? Reply SITECRAFT.",https://wa.me/27119856796?text=Hi%20Pick%20n%20Pay%20Express%20%F0%9F%91%8B%20Thabang%20from%20SiteCraft%20SA%20here.%20I%20noticed%20a%20lot%20of%20Soweto%20convenience%20businesses%20aren%27t%20easy%20to%20find%20on%20Google%20%E2%80%94%20so%20I%20built%20you%20a%20FREE%20sample%20site%20to%20show%20what%27s%20possible%3A%20https%3A//thabs1234.github.io/sitecraft-sa/samples/townships/soweto-pick-n-pay-express.html%0ANo%20catch%2C%20just%20proof.%20If%20you%20like%20it%2C%20the%20real%20version%20is%20R1%2C500%20setup%20%2B%20R450/month%20and%20comes%20WhatsApp-ready.%20Want%20it%20to%20be%20yours%3F%20Reply%20SITECRAFT.,pending
Soweto,Quickshop,convenience,,https://thabs1234.github.io/sitecraft-sa/samples/townships/soweto-quickshop.html,"Hi Quickshop 👋 Thabang from SiteCraft SA here. I noticed a lot of Soweto convenience businesses aren't easy to find on Google — so I built you a FREE sample site to show what's possible: https://thabs1234.github.io/sitecraft-sa/samples/townships/soweto-quickshop.html
No catch, just proof. If you like it, the real version is R1,500 setup + R450/month and comes WhatsApp-ready. Want it to be yours? Reply SITECRAFT.",,no_phone
Soweto,Quickshop,convenience,,https://thabs1234.github.io/sitecraft-sa/samples/townships/soweto-quickshop.html,"Hi Quickshop 👋 Thabang from SiteCraft SA here. I noticed a lot of Soweto convenience businesses aren't easy to find on Google — so I built you a FREE sample site to show what's possible: https://thabs1234.github.io/sitecraft-sa/samples/townships/soweto-quickshop.html
No catch, just proof. If you like it, the real version is R1,500 setup + R450/month and comes WhatsApp-ready. Want it to be yours? Reply SITECRAFT.",,no_phone
Soweto,Quickshop,convenience,,https://thabs1234.github.io/sitecraft-sa/samples/townships/soweto-quickshop.html,"Hi Quickshop 👋 Thabang from SiteCraft SA here. I noticed a lot of Soweto convenience businesses aren't easy to find on Google — so I built you a FREE sample site to show what's possible: https://thabs1234.github.io/sitecraft-sa/samples/townships/soweto-quickshop.html
No catch, just proof. If you like it, the real version is R1,500 setup + R450/month and comes WhatsApp-ready. Want it to be yours? Reply SITECRAFT.",,no_phone
Soweto,Quickshop,convenience,,https://thabs1234.github.io/sitecraft-sa/samples/townships/soweto-quickshop.html,"Hi Quickshop 👋 Thabang from SiteCraft SA here. I noticed a lot of Soweto convenience businesses aren't easy to find on Google — so I built you a FREE sample site to show what's possible: https://thabs1234.github.io/sitecraft-sa/samples/townships/soweto-quickshop.html
No catch, just proof. If you like it, the real version is R1,500 setup + R450/month and comes WhatsApp-ready. Want it to be yours? Reply SITECRAFT.",,no_phone
Soweto,Siqhaza,convenience,,https://thabs1234.github.io/sitecraft-sa/samples/townships/soweto-siqhaza.html,"Hi Siqhaza 👋 Thabang from SiteCraft SA here. I noticed a lot of Soweto convenience businesses aren't easy to find on Google — so I built you a FREE sample site to show what's possible: https://thabs1234.github.io/sitecraft-sa/samples/townships/soweto-siqhaza.html
No catch, just proof. If you like it, the real version is R1,500 setup + R450/month and comes WhatsApp-ready. Want it to be yours? Reply SITECRAFT.",,no_phone
Soweto,Vukani,convenience,,https://thabs1234.github.io/sitecraft-sa/samples/townships/soweto-vukani.html,"Hi Vukani 👋 Thabang from SiteCraft SA here. I noticed a lot of Soweto convenience businesses aren't easy to find on Google — so I built you a FREE sample site to show what's possible: https://thabs1234.github.io/sitecraft-sa/samples/townships/soweto-vukani.html
No catch, just proof. If you like it, the real version is R1,500 setup + R450/month and comes WhatsApp-ready. Want it to be yours? Reply SITECRAFT.",,no_phone
Soweto,Cashbuild,doityourself,,https://thabs1234.github.io/sitecraft-sa/samples/townships/soweto-cashbuild.html,"Hi Cashbuild 👋 Thabang from SiteCraft SA here. I noticed a lot of Soweto doityourself businesses aren't easy to find on Google — so I built you a FREE sample site to show what's possible: https://thabs1234.github.io/sitecraft-sa/samples/townships/soweto-cashbuild.html
No catch, just proof. If you like it, the real version is R1,500 setup + R450/month and comes WhatsApp-ready. Want it to be yours? Reply SITECRAFT.",,no_phone
Soweto,Mandela's Family Restaurant,fast_food,,https://thabs1234.github.io/sitecraft-sa/samples/townships/soweto-mandela-s-family-restaurant.html,"Hi Mandela's Family Restaurant 👋 Thabang from SiteCraft SA here. I noticed a lot of Soweto fast_food businesses aren't easy to find on Google — so I built you a FREE sample site to show what's possible: https://thabs1234.github.io/sitecraft-sa/samples/townships/soweto-mandela-s-family-restaurant.html
No catch, just proof. If you like it, the real version is R1,500 setup + R450/month and comes WhatsApp-ready. Want it to be yours? Reply SITECRAFT.",,no_phone
Soweto,Polla's Fast Food,fast_food,,https://thabs1234.github.io/sitecraft-sa/samples/townships/soweto-polla-s-fast-food.html,"Hi Polla's Fast Food 👋 Thabang from SiteCraft SA here. I noticed a lot of Soweto fast_food businesses aren't easy to find on Google — so I built you a FREE sample site to show what's possible: https://thabs1234.github.io/sitecraft-sa/samples/townships/soweto-polla-s-fast-food.html
No catch, just proof. If you like it, the real version is R1,500 setup + R450/month and comes WhatsApp-ready. Want it to be yours? Reply SITECRAFT.",,no_phone
Soweto,Astron Energy,fuel,+27 11 985 6038,https://thabs1234.github.io/sitecraft-sa/samples/townships/soweto-astron-energy.html,"Hi Astron Energy 👋 Thabang from SiteCraft SA here. I noticed a lot of Soweto fuel businesses aren't easy to find on Google — so I built you a FREE sample site to show what's possible: https://thabs1234.github.io/sitecraft-sa/samples/townships/soweto-astron-energy.html
No catch, just proof. If you like it, the real version is R1,500 setup + R450/month and comes WhatsApp-ready. Want it to be yours? Reply SITECRAFT.",https://wa.me/27119856038?text=Hi%20Astron%20Energy%20%F0%9F%91%8B%20Thabang%20from%20SiteCraft%20SA%20here.%20I%20noticed%20a%20lot%20of%20Soweto%20fuel%20businesses%20aren%27t%20easy%20to%20find%20on%20Google%20%E2%80%94%20so%20I%20built%20you%20a%20FREE%20sample%20site%20to%20show%20what%27s%20possible%3A%20https%3A//thabs1234.github.io/sitecraft-sa/samples/townships/soweto-astron-energy.html%0ANo%20catch%2C%20just%20proof.%20If%20you%20like%20it%2C%20the%20real%20version%20is%20R1%2C500%20setup%20%2B%20R450/month%20and%20comes%20WhatsApp-ready.%20Want%20it%20to%20be%20yours%3F%20Reply%20SITECRAFT.,pending
Soweto,Astron Energy,fuel,+27 860 300 860,https://thabs1234.github.io/sitecraft-sa/samples/townships/soweto-astron-energy.html,"Hi Astron Energy 👋 Thabang from SiteCraft SA here. I noticed a lot of Soweto fuel businesses aren't easy to find on Google — so I built you a FREE sample site to show what's possible: https://thabs1234.github.io/sitecraft-sa/samples/townships/soweto-astron-energy.html
No catch, just proof. If you like it, the real version is R1,500 setup + R450/month and comes WhatsApp-ready. Want it to be yours? Reply SITECRAFT.",https://wa.me/27860300860?text=Hi%20Astron%20Energy%20%F0%9F%91%8B%20Thabang%20from%20SiteCraft%20SA%20here.%20I%20noticed%20a%20lot%20of%20Soweto%20fuel%20businesses%20aren%27t%20easy%20to%20find%20on%20Google%20%E2%80%94%20so%20I%20built%20you%20a%20FREE%20sample%20site%20to%20show%20what%27s%20possible%3A%20https%3A//thabs1234.github.io/sitecraft-sa/samples/townships/soweto-astron-energy.html%0ANo%20catch%2C%20just%20proof.%20If%20you%20like%20it%2C%20the%20real%20version%20is%20R1%2C500%20setup%20%2B%20R450/month%20and%20comes%20WhatsApp-ready.%20Want%20it%20to%20be%20yours%3F%20Reply%20SITECRAFT.,pending
Soweto,Astron Energy,fuel,+27 11 024 5518,https://thabs1234.github.io/sitecraft-sa/samples/townships/soweto-astron-energy.html,"Hi Astron Energy 👋 Thabang from SiteCraft SA here. I noticed a lot of Soweto fuel businesses aren't easy to find on Google — so I built you a FREE sample site to show what's possible: https://thabs1234.github.io/sitecraft-sa/samples/townships/soweto-astron-energy.html
No catch, just proof. If you like it, the real version is R1,500 setup + R450/month and comes WhatsApp-ready. Want it to be yours? Reply SITECRAFT.",https://wa.me/27110245518?text=Hi%20Astron%20Energy%20%F0%9F%91%8B%20Thabang%20from%20SiteCraft%20SA%20here.%20I%20noticed%20a%20lot%20of%20Soweto%20fuel%20businesses%20aren%27t%20easy%20to%20find%20on%20Google%20%E2%80%94%20so%20I%20built%20you%20a%20FREE%20sample%20site%20to%20show%20what%27s%20possible%3A%20https%3A//thabs1234.github.io/sitecraft-sa/samples/townships/soweto-astron-energy.html%0ANo%20catch%2C%20just%20proof.%20If%20you%20like%20it%2C%20the%20real%20version%20is%20R1%2C500%20setup%20%2B%20R450/month%20and%20comes%20WhatsApp-ready.%20Want%20it%20to%20be%20yours%3F%20Reply%20SITECRAFT.,pending
Soweto,BP,fuel,+27 11 985 6796,https://thabs1234.github.io/sitecraft-sa/samples/townships/soweto-bp.html,"Hi BP 👋 Thabang from SiteCraft SA here. I noticed a lot of Soweto fuel businesses aren't easy to find on Google — so I built you a FREE sample site to show what's possible: https://thabs1234.github.io/sitecraft-sa/samples/townships/soweto-bp.html
No catch, just proof. If you like it, the real version is R1,500 setup + R450/month and comes WhatsApp-ready. Want it to be yours? Reply SITECRAFT.",https://wa.me/27119856796?text=Hi%20BP%20%F0%9F%91%8B%20Thabang%20from%20SiteCraft%20SA%20here.%20I%20noticed%20a%20lot%20of%20Soweto%20fuel%20businesses%20aren%27t%20easy%20to%20find%20on%20Google%20%E2%80%94%20so%20I%20built%20you%20a%20FREE%20sample%20site%20to%20show%20what%27s%20possible%3A%20https%3A//thabs1234.github.io/sitecraft-sa/samples/townships/soweto-bp.html%0ANo%20catch%2C%20just%20proof.%20If%20you%20like%20it%2C%20the%20real%20version%20is%20R1%2C500%20setup%20%2B%20R450/month%20and%20comes%20WhatsApp-ready.%20Want%20it%20to%20be%20yours%3F%20Reply%20SITECRAFT.,pending
Soweto,Engen,fuel,+27 11 985 1075,https://thabs1234.github.io/sitecraft-sa/samples/townships/soweto-engen.html,"Hi Engen 👋 Thabang from SiteCraft SA here. I noticed a lot of Soweto fuel businesses aren't easy to find on Google — so I built you a FREE sample site to show what's possible: https://thabs1234.github.io/sitecraft-sa/samples/townships/soweto-engen.html
No catch, just proof. If you like it, the real version is R1,500 setup + R450/month and comes WhatsApp-ready. Want it to be yours? Reply SITECRAFT.",https://wa.me/27119851075?text=Hi%20Engen%20%F0%9F%91%8B%20Thabang%20from%20SiteCraft%20SA%20here.%20I%20noticed%20a%20lot%20of%20Soweto%20fuel%20businesses%20aren%27t%20easy%20to%20find%20on%20Google%20%E2%80%94%20so%20I%20built%20you%20a%20FREE%20sample%20site%20to%20show%20what%27s%20possible%3A%20https%3A//thabs1234.github.io/sitecraft-sa/samples/townships/soweto-engen.html%0ANo%20catch%2C%20just%20proof.%20If%20you%20like%20it%2C%20the%20real%20version%20is%20R1%2C500%20setup%20%2B%20R450/month%20and%20comes%20WhatsApp-ready.%20Want%20it%20to%20be%20yours%3F%20Reply%20SITECRAFT.,pending
Soweto,Engen,fuel,+27 11 935 2192,https://thabs1234.github.io/sitecraft-sa/samples/townships/soweto-engen.html,"Hi Engen 👋 Thabang from SiteCraft SA here. I noticed a lot of Soweto fuel businesses aren't easy to find on Google — so I built you a FREE sample site to show what's possible: https://thabs1234.github.io/sitecraft-sa/samples/townships/soweto-engen.html
No catch, just proof. If you like it, the real version is R1,500 setup + R450/month and comes WhatsApp-ready. Want it to be yours? Reply SITECRAFT.",https://wa.me/27119352192?text=Hi%20Engen%20%F0%9F%91%8B%20Thabang%20from%20SiteCraft%20SA%20here.%20I%20noticed%20a%20lot%20of%20Soweto%20fuel%20businesses%20aren%27t%20easy%20to%20find%20on%20Google%20%E2%80%94%20so%20I%20built%20you%20a%20FREE%20sample%20site%20to%20show%20what%27s%20possible%3A%20https%3A//thabs1234.github.io/sitecraft-sa/samples/townships/soweto-engen.html%0ANo%20catch%2C%20just%20proof.%20If%20you%20like%20it%2C%20the%20real%20version%20is%20R1%2C500%20setup%20%2B%20R450/month%20and%20comes%20WhatsApp-ready.%20Want%20it%20to%20be%20yours%3F%20Reply%20SITECRAFT.,pending
Soweto,Engen,fuel,+27 82 693 6629,https://thabs1234.github.io/sitecraft-sa/samples/townships/soweto-engen.html,"Hi Engen 👋 Thabang from SiteCraft SA here. I noticed a lot of Soweto fuel businesses aren't easy to find on Google — so I built you a FREE sample site to show what's possible: https://thabs1234.github.io/sitecraft-sa/samples/townships/soweto-engen.html
No catch, just proof. If you like it, the real version is R1,500 setup + R450/month and comes WhatsApp-ready. Want it to be yours? Reply SITECRAFT.",https://wa.me/27826936629?text=Hi%20Engen%20%F0%9F%91%8B%20Thabang%20from%20SiteCraft%20SA%20here.%20I%20noticed%20a%20lot%20of%20Soweto%20fuel%20businesses%20aren%27t%20easy%20to%20find%20on%20Google%20%E2%80%94%20so%20I%20built%20you%20a%20FREE%20sample%20site%20to%20show%20what%27s%20possible%3A%20https%3A//thabs1234.github.io/sitecraft-sa/samples/townships/soweto-engen.html%0ANo%20catch%2C%20just%20proof.%20If%20you%20like%20it%2C%20the%20real%20version%20is%20R1%2C500%20setup%20%2B%20R450/month%20and%20comes%20WhatsApp-ready.%20Want%20it%20to%20be%20yours%3F%20Reply%20SITECRAFT.,pending
Soweto,Engen,fuel,+27 11 933 3877,https://thabs1234.github.io/sitecraft-sa/samples/townships/soweto-engen.html,"Hi Engen 👋 Thabang from SiteCraft SA here. I noticed a lot of Soweto fuel businesses aren't easy to find on Google — so I built you a FREE sample site to show what's possible: https://thabs1234.github.io/sitecraft-sa/samples/townships/soweto-engen.html
No catch, just proof. If you like it, the real version is R1,500 setup + R450/month and comes WhatsApp-ready. Want it to be yours? Reply SITECRAFT.",https://wa.me/27119333877?text=Hi%20Engen%20%F0%9F%91%8B%20Thabang%20from%20SiteCraft%20SA%20here.%20I%20noticed%20a%20lot%20of%20Soweto%20fuel%20businesses%20aren%27t%20easy%20to%20find%20on%20Google%20%E2%80%94%20so%20I%20built%20you%20a%20FREE%20sample%20site%20to%20show%20what%27s%20possible%3A%20https%3A//thabs1234.github.io/sitecraft-sa/samples/townships/soweto-engen.html%0ANo%20catch%2C%20just%20proof.%20If%20you%20like%20it%2C%20the%20real%20version%20is%20R1%2C500%20setup%20%2B%20R450/month%20and%20comes%20WhatsApp-ready.%20Want%20it%20to%20be%20yours%3F%20Reply%20SITECRAFT.,pending
Soweto,Maziya Funeral Home,funeral_directors,,https://thabs1234.github.io/sitecraft-sa/samples/townships/soweto-maziya-funeral-home.html,"Hi Maziya Funeral Home 👋 Thabang from SiteCraft SA here. I noticed a lot of Soweto funeral_directors businesses aren't easy to find on Google — so I built you a FREE sample site to show what's possible: https://thabs1234.github.io/sitecraft-sa/samples/townships/soweto-maziya-funeral-home.html
No catch, just proof. If you like it, the real version is R1,500 setup + R450/month and comes WhatsApp-ready. Want it to be yours? Reply SITECRAFT.",,no_phone
Soweto,Vuyo Funeral Parlour,funeral_directors,,https://thabs1234.github.io/sitecraft-sa/samples/townships/soweto-vuyo-funeral-parlour.html,"Hi Vuyo Funeral Parlour 👋 Thabang from SiteCraft SA here. I noticed a lot of Soweto funeral_directors businesses aren't easy to find on Google — so I built you a FREE sample site to show what's possible: https://thabs1234.github.io/sitecraft-sa/samples/townships/soweto-vuyo-funeral-parlour.html
No catch, just proof. If you like it, the real version is R1,500 setup + R450/month and comes WhatsApp-ready. Want it to be yours? Reply SITECRAFT.",,no_phone
Soweto,Ellerines,furniture,,https://thabs1234.github.io/sitecraft-sa/samples/townships/soweto-ellerines.html,"Hi Ellerines 👋 Thabang from SiteCraft SA here. I noticed a lot of Soweto furniture businesses aren't easy to find on Google — so I built you a FREE sample site to show what's possible: https://thabs1234.github.io/sitecraft-sa/samples/townships/soweto-ellerines.html
No catch, just proof. If you like it, the real version is R1,500 setup + R450/month and comes WhatsApp-ready. Want it to be yours? Reply SITECRAFT.",,no_phone
Soweto,Home Affairs Offices,government,,https://thabs1234.github.io/sitecraft-sa/samples/townships/soweto-home-affairs-offices.html,"Hi Home Affairs Offices 👋 Thabang from SiteCraft SA here. I noticed a lot of Soweto government businesses aren't easy to find on Google — so I built you a FREE sample site to show what's possible: https://thabs1234.github.io/sitecraft-sa/samples/townships/soweto-home-affairs-offices.html
No catch, just proof. If you like it, the real version is R1,500 setup + R450/month and comes WhatsApp-ready. Want it to be yours? Reply SITECRAFT.",,no_phone
Soweto,Municipal Office,government,,https://thabs1234.github.io/sitecraft-sa/samples/townships/soweto-municipal-office.html,"Hi Municipal Office 👋 Thabang from SiteCraft SA here. I noticed a lot of Soweto government businesses aren't easy to find on Google — so I built you a FREE sample site to show what's possible: https://thabs1234.github.io/sitecraft-sa/samples/townships/soweto-municipal-office.html
No catch, just proof. If you like it, the real version is R1,500 setup + R450/month and comes WhatsApp-ready. Want it to be yours? Reply SITECRAFT.",,no_phone
Soweto,Nandos,restaurant,,https://thabs1234.github.io/sitecraft-sa/samples/townships/soweto-nandos.html,"Hi Nandos 👋 Thabang from SiteCraft SA here. I noticed a lot of Soweto restaurant businesses aren't easy to find on Google — so I built you a FREE sample site to show what's possible: https://thabs1234.github.io/sitecraft-sa/samples/townships/soweto-nandos.html
No catch, just proof. If you like it, the real version is R1,500 setup + R450/month and comes WhatsApp-ready. Want it to be yours? Reply SITECRAFT.",,no_phone
Soweto,Number One,restaurant,,https://thabs1234.github.io/sitecraft-sa/samples/townships/soweto-number-one.html,"Hi Number One 👋 Thabang from SiteCraft SA here. I noticed a lot of Soweto restaurant businesses aren't easy to find on Google — so I built you a FREE sample site to show what's possible: https://thabs1234.github.io/sitecraft-sa/samples/townships/soweto-number-one.html
No catch, just proof. If you like it, the real version is R1,500 setup + R450/month and comes WhatsApp-ready. Want it to be yours? Reply SITECRAFT.",,no_phone
Soweto,Restaurante Soweto,restaurant,,https://thabs1234.github.io/sitecraft-sa/samples/townships/soweto-restaurante-soweto.html,"Hi Restaurante Soweto 👋 Thabang from SiteCraft SA here. I noticed a lot of Soweto restaurant businesses aren't easy to find on Google — so I built you a FREE sample site to show what's possible: https://thabs1234.github.io/sitecraft-sa/samples/townships/soweto-restaurante-soweto.html
No catch, just proof. If you like it, the real version is R1,500 setup + R450/month and comes WhatsApp-ready. Want it to be yours? Reply SITECRAFT.",,no_phone
Tembisa,African Bank,bank,,https://thabs1234.github.io/sitecraft-sa/samples/townships/tembisa-african-bank.html,"Hi African Bank 👋 Thabang from SiteCraft SA here. I noticed a lot of Tembisa bank businesses aren't easy to find on Google — so I built you a FREE sample site to show what's possible: https://thabs1234.github.io/sitecraft-sa/samples/townships/tembisa-african-bank.html
No catch, just proof. If you like it, the real version is R1,500 setup + R450/month and comes WhatsApp-ready. Want it to be yours? Reply SITECRAFT.",,no_phone
Tembisa,Capitec Bank,bank,,https://thabs1234.github.io/sitecraft-sa/samples/townships/tembisa-capitec-bank.html,"Hi Capitec Bank 👋 Thabang from SiteCraft SA here. I noticed a lot of Tembisa bank businesses aren't easy to find on Google — so I built you a FREE sample site to show what's possible: https://thabs1234.github.io/sitecraft-sa/samples/townships/tembisa-capitec-bank.html
No catch, just proof. If you like it, the real version is R1,500 setup + R450/month and comes WhatsApp-ready. Want it to be yours? Reply SITECRAFT.",,no_phone
Tembisa,FNB,bank,,https://thabs1234.github.io/sitecraft-sa/samples/townships/tembisa-fnb.html,"Hi FNB 👋 Thabang from SiteCraft SA here. I noticed a lot of Tembisa bank businesses aren't easy to find on Google — so I built you a FREE sample site to show what's possible: https://thabs1234.github.io/sitecraft-sa/samples/townships/tembisa-fnb.html
No catch, just proof. If you like it, the real version is R1,500 setup + R450/month and comes WhatsApp-ready. Want it to be yours? Reply SITECRAFT.",,no_phone
Tembisa,Nedbank,bank,,https://thabs1234.github.io/sitecraft-sa/samples/townships/tembisa-nedbank.html,"Hi Nedbank 👋 Thabang from SiteCraft SA here. I noticed a lot of Tembisa bank businesses aren't easy to find on Google — so I built you a FREE sample site to show what's possible: https://thabs1234.github.io/sitecraft-sa/samples/townships/tembisa-nedbank.html
No catch, just proof. If you like it, the real version is R1,500 setup + R450/month and comes WhatsApp-ready. Want it to be yours? Reply SITECRAFT.",,no_phone
Tembisa,Standard Bank,bank,,https://thabs1234.github.io/sitecraft-sa/samples/townships/tembisa-standard-bank.html,"Hi Standard Bank 👋 Thabang from SiteCraft SA here. I noticed a lot of Tembisa bank businesses aren't easy to find on Google — so I built you a FREE sample site to show what's possible: https://thabs1234.github.io/sitecraft-sa/samples/townships/tembisa-standard-bank.html
No catch, just proof. If you like it, the real version is R1,500 setup + R450/month and comes WhatsApp-ready. Want it to be yours? Reply SITECRAFT.",,no_phone
Tembisa,Autozone,car_repair,,https://thabs1234.github.io/sitecraft-sa/samples/townships/tembisa-autozone.html,"Hi Autozone 👋 Thabang from SiteCraft SA here. I noticed a lot of Tembisa car_repair businesses aren't easy to find on Google — so I built you a FREE sample site to show what's possible: https://thabs1234.github.io/sitecraft-sa/samples/townships/tembisa-autozone.html
No catch, just proof. If you like it, the real version is R1,500 setup + R450/month and comes WhatsApp-ready. Want it to be yours? Reply SITECRAFT.",,no_phone
Tembisa,Ntlharhimed Clinic,clinic,+27 79 932 0071,https://thabs1234.github.io/sitecraft-sa/samples/townships/tembisa-ntlharhimed-clinic.html,"Hi Ntlharhimed Clinic 👋 Thabang from SiteCraft SA here. I noticed a lot of Tembisa clinic businesses aren't easy to find on Google — so I built you a FREE sample site to show what's possible: https://thabs1234.github.io/sitecraft-sa/samples/townships/tembisa-ntlharhimed-clinic.html
No catch, just proof. If you like it, the real version is R1,500 setup + R450/month and comes WhatsApp-ready. Want it to be yours? Reply SITECRAFT.",https://wa.me/27799320071?text=Hi%20Ntlharhimed%20Clinic%20%F0%9F%91%8B%20Thabang%20from%20SiteCraft%20SA%20here.%20I%20noticed%20a%20lot%20of%20Tembisa%20clinic%20businesses%20aren%27t%20easy%20to%20find%20on%20Google%20%E2%80%94%20so%20I%20built%20you%20a%20FREE%20sample%20site%20to%20show%20what%27s%20possible%3A%20https%3A//thabs1234.github.io/sitecraft-sa/samples/townships/tembisa-ntlharhimed-clinic.html%0ANo%20catch%2C%20just%20proof.%20If%20you%20like%20it%2C%20the%20real%20version%20is%20R1%2C500%20setup%20%2B%20R450/month%20and%20comes%20WhatsApp-ready.%20Want%20it%20to%20be%20yours%3F%20Reply%20SITECRAFT.,pending
Tembisa,Phedisomg Medical Centre,clinic,+27 11 926 2347,https://thabs1234.github.io/sitecraft-sa/samples/townships/tembisa-phedisomg-medical-centre.html,"Hi Phedisomg Medical Centre 👋 Thabang from SiteCraft SA here. I noticed a lot of Tembisa clinic businesses aren't easy to find on Google — so I built you a FREE sample site to show what's possible: https://thabs1234.github.io/sitecraft-sa/samples/townships/tembisa-phedisomg-medical-centre.html
No catch, just proof. If you like it, the real version is R1,500 setup + R450/month and comes WhatsApp-ready. Want it to be yours? Reply SITECRAFT.",https://wa.me/27119262347?text=Hi%20Phedisomg%20Medical%20Centre%20%F0%9F%91%8B%20Thabang%20from%20SiteCraft%20SA%20here.%20I%20noticed%20a%20lot%20of%20Tembisa%20clinic%20businesses%20aren%27t%20easy%20to%20find%20on%20Google%20%E2%80%94%20so%20I%20built%20you%20a%20FREE%20sample%20site%20to%20show%20what%27s%20possible%3A%20https%3A//thabs1234.github.io/sitecraft-sa/samples/townships/tembisa-phedisomg-medical-centre.html%0ANo%20catch%2C%20just%20proof.%20If%20you%20like%20it%2C%20the%20real%20version%20is%20R1%2C500%20setup%20%2B%20R450/month%20and%20comes%20WhatsApp-ready.%20Want%20it%20to%20be%20yours%3F%20Reply%20SITECRAFT.,pending
Tembisa,Tembisa AQT Station Erin Clinic,clinic,+27 11 926 2862,https://thabs1234.github.io/sitecraft-sa/samples/townships/tembisa-tembisa-aqt-station-erin-clinic.html,"Hi Tembisa AQT Station Erin Clinic 👋 Thabang from SiteCraft SA here. I noticed a lot of Tembisa clinic businesses aren't easy to find on Google — so I built you a FREE sample site to show what's possible: https://thabs1234.github.io/sitecraft-sa/samples/townships/tembisa-tembisa-aqt-station-erin-clinic.html
No catch, just proof. If you like it, the real version is R1,500 setup + R450/month and comes WhatsApp-ready. Want it to be yours? Reply SITECRAFT.",https://wa.me/27119262862?text=Hi%20Tembisa%20AQT%20Station%20Erin%20Clinic%20%F0%9F%91%8B%20Thabang%20from%20SiteCraft%20SA%20here.%20I%20noticed%20a%20lot%20of%20Tembisa%20clinic%20businesses%20aren%27t%20easy%20to%20find%20on%20Google%20%E2%80%94%20so%20I%20built%20you%20a%20FREE%20sample%20site%20to%20show%20what%27s%20possible%3A%20https%3A//thabs1234.github.io/sitecraft-sa/samples/townships/tembisa-tembisa-aqt-station-erin-clinic.html%0ANo%20catch%2C%20just%20proof.%20If%20you%20like%20it%2C%20the%20real%20version%20is%20R1%2C500%20setup%20%2B%20R450/month%20and%20comes%20WhatsApp-ready.%20Want%20it%20to%20be%20yours%3F%20Reply%20SITECRAFT.,pending
Tembisa,Zamokuhle Hospital,clinic,+27 82 857 4541,https://thabs1234.github.io/sitecraft-sa/samples/townships/tembisa-zamokuhle-hospital.html,"Hi Zamokuhle Hospital 👋 Thabang from SiteCraft SA here. I noticed a lot of Tembisa clinic businesses aren't easy to find on Google — so I built you a FREE sample site to show what's possible: https://thabs1234.github.io/sitecraft-sa/samples/townships/tembisa-zamokuhle-hospital.html
No catch, just proof. If you like it, the real version is R1,500 setup + R450/month and comes WhatsApp-ready. Want it to be yours? Reply SITECRAFT.",https://wa.me/27828574541?text=Hi%20Zamokuhle%20Hospital%20%F0%9F%91%8B%20Thabang%20from%20SiteCraft%20SA%20here.%20I%20noticed%20a%20lot%20of%20Tembisa%20clinic%20businesses%20aren%27t%20easy%20to%20find%20on%20Google%20%E2%80%94%20so%20I%20built%20you%20a%20FREE%20sample%20site%20to%20show%20what%27s%20possible%3A%20https%3A//thabs1234.github.io/sitecraft-sa/samples/townships/tembisa-zamokuhle-hospital.html%0ANo%20catch%2C%20just%20proof.%20If%20you%20like%20it%2C%20the%20real%20version%20is%20R1%2C500%20setup%20%2B%20R450/month%20and%20comes%20WhatsApp-ready.%20Want%20it%20to%20be%20yours%3F%20Reply%20SITECRAFT.,pending
Tembisa,Ackermans,clothes,,https://thabs1234.github.io/sitecraft-sa/samples/townships/tembisa-ackermans.html,"Hi Ackermans 👋 Thabang from SiteCraft SA here. I noticed a lot of Tembisa clothes businesses aren't easy to find on Google — so I built you a FREE sample site to show what's possible: https://thabs1234.github.io/sitecraft-sa/samples/townships/tembisa-ackermans.html
No catch, just proof. If you like it, the real version is R1,500 setup + R450/month and comes WhatsApp-ready. Want it to be yours? Reply SITECRAFT.",,no_phone
Tembisa,c b,clothes,,https://thabs1234.github.io/sitecraft-sa/samples/townships/tembisa-c-b.html,"Hi c b 👋 Thabang from SiteCraft SA here. I noticed a lot of Tembisa clothes businesses aren't easy to find on Google — so I built you a FREE sample site to show what's possible: https://thabs1234.github.io/sitecraft-sa/samples/townships/tembisa-c-b.html
No catch, just proof. If you like it, the real version is R1,500 setup + R450/month and comes WhatsApp-ready. Want it to be yours? Reply SITECRAFT.",,no_phone
Tembisa,DFX,clothes,,https://thabs1234.github.io/sitecraft-sa/samples/townships/tembisa-dfx.html,"Hi DFX 👋 Thabang from SiteCraft SA here. I noticed a lot of Tembisa clothes businesses aren't easy to find on Google — so I built you a FREE sample site to show what's possible: https://thabs1234.github.io/sitecraft-sa/samples/townships/tembisa-dfx.html
No catch, just proof. If you like it, the real version is R1,500 setup + R450/month and comes WhatsApp-ready. Want it to be yours? Reply SITECRAFT.",,no_phone
Tembisa,Legit,clothes,,https://thabs1234.github.io/sitecraft-sa/samples/townships/tembisa-legit.html,"Hi Legit 👋 Thabang from SiteCraft SA here. I noticed a lot of Tembisa clothes businesses aren't easy to find on Google — so I built you a FREE sample site to show what's possible: https://thabs1234.github.io/sitecraft-sa/samples/townships/tembisa-legit.html
No catch, just proof. If you like it, the real version is R1,500 setup + R450/month and comes WhatsApp-ready. Want it to be yours? Reply SITECRAFT.",,no_phone
Tembisa,Pep,clothes,,https://thabs1234.github.io/sitecraft-sa/samples/townships/tembisa-pep.html,"Hi Pep 👋 Thabang from SiteCraft SA here. I noticed a lot of Tembisa clothes businesses aren't easy to find on Google — so I built you a FREE sample site to show what's possible: https://thabs1234.github.io/sitecraft-sa/samples/townships/tembisa-pep.html
No catch, just proof. If you like it, the real version is R1,500 setup + R450/month and comes WhatsApp-ready. Want it to be yours? Reply SITECRAFT.",,no_phone
Tembisa,Wanke,clothes,,https://thabs1234.github.io/sitecraft-sa/samples/townships/tembisa-wanke.html,"Hi Wanke 👋 Thabang from SiteCraft SA here. I noticed a lot of Tembisa clothes businesses aren't easy to find on Google — so I built you a FREE sample site to show what's possible: https://thabs1234.github.io/sitecraft-sa/samples/townships/tembisa-wanke.html
No catch, just proof. If you like it, the real version is R1,500 setup + R450/month and comes WhatsApp-ready. Want it to be yours? Reply SITECRAFT.",,no_phone
Tembisa,Bonjour,convenience,,https://thabs1234.github.io/sitecraft-sa/samples/townships/tembisa-bonjour.html,"Hi Bonjour 👋 Thabang from SiteCraft SA here. I noticed a lot of Tembisa convenience businesses aren't easy to find on Google — so I built you a FREE sample site to show what's possible: https://thabs1234.github.io/sitecraft-sa/samples/townships/tembisa-bonjour.html
No catch, just proof. If you like it, the real version is R1,500 setup + R450/month and comes WhatsApp-ready. Want it to be yours? Reply SITECRAFT.",,no_phone
Tembisa,Bonjour,convenience,,https://thabs1234.github.io/sitecraft-sa/samples/townships/tembisa-bonjour.html,"Hi Bonjour 👋 Thabang from SiteCraft SA here. I noticed a lot of Tembisa convenience businesses aren't easy to find on Google — so I built you a FREE sample site to show what's possible: https://thabs1234.github.io/sitecraft-sa/samples/townships/tembisa-bonjour.html
No catch, just proof. If you like it, the real version is R1,500 setup + R450/month and comes WhatsApp-ready. Want it to be yours? Reply SITECRAFT.",,no_phone
Tembisa,Bonjour,convenience,,https://thabs1234.github.io/sitecraft-sa/samples/townships/tembisa-bonjour.html,"Hi Bonjour 👋 Thabang from SiteCraft SA here. I noticed a lot of Tembisa convenience businesses aren't easy to find on Google — so I built you a FREE sample site to show what's possible: https://thabs1234.github.io/sitecraft-sa/samples/townships/tembisa-bonjour.html
No catch, just proof. If you like it, the real version is R1,500 setup + R450/month and comes WhatsApp-ready. Want it to be yours? Reply SITECRAFT.",,no_phone
Tembisa,Quickshop,convenience,,https://thabs1234.github.io/sitecraft-sa/samples/townships/tembisa-quickshop.html,"Hi Quickshop 👋 Thabang from SiteCraft SA here. I noticed a lot of Tembisa convenience businesses aren't easy to find on Google — so I built you a FREE sample site to show what's possible: https://thabs1234.github.io/sitecraft-sa/samples/townships/tembisa-quickshop.html
No catch, just proof. If you like it, the real version is R1,500 setup + R450/month and comes WhatsApp-ready. Want it to be yours? Reply SITECRAFT.",,no_phone
Tembisa,Quickshop,convenience,,https://thabs1234.github.io/sitecraft-sa/samples/townships/tembisa-quickshop.html,"Hi Quickshop 👋 Thabang from SiteCraft SA here. I noticed a lot of Tembisa convenience businesses aren't easy to find on Google — so I built you a FREE sample site to show what's possible: https://thabs1234.github.io/sitecraft-sa/samples/townships/tembisa-quickshop.html
No catch, just proof. If you like it, the real version is R1,500 setup + R450/month and comes WhatsApp-ready. Want it to be yours? Reply SITECRAFT.",,no_phone
Tembisa,Perc,dry_cleaning,,https://thabs1234.github.io/sitecraft-sa/samples/townships/tembisa-perc.html,"Hi Perc 👋 Thabang from SiteCraft SA here. I noticed a lot of Tembisa dry_cleaning businesses aren't easy to find on Google — so I built you a FREE sample site to show what's possible: https://thabs1234.github.io/sitecraft-sa/samples/townships/tembisa-perc.html
No catch, just proof. If you like it, the real version is R1,500 setup + R450/month and comes WhatsApp-ready. Want it to be yours? Reply SITECRAFT.",,no_phone
Tembisa,ayobayo,fast_food,,https://thabs1234.github.io/sitecraft-sa/samples/townships/tembisa-ayobayo.html,"Hi ayobayo 👋 Thabang from SiteCraft SA here. I noticed a lot of Tembisa fast_food businesses aren't easy to find on Google — so I built you a FREE sample site to show what's possible: https://thabs1234.github.io/sitecraft-sa/samples/townships/tembisa-ayobayo.html
No catch, just proof. If you like it, the real version is R1,500 setup + R450/month and comes WhatsApp-ready. Want it to be yours? Reply SITECRAFT.",,no_phone
Tembisa,Hungry Lion,fast_food,,https://thabs1234.github.io/sitecraft-sa/samples/townships/tembisa-hungry-lion.html,"Hi Hungry Lion 👋 Thabang from SiteCraft SA here. I noticed a lot of Tembisa fast_food businesses aren't easy to find on Google — so I built you a FREE sample site to show what's possible: https://thabs1234.github.io/sitecraft-sa/samples/townships/tembisa-hungry-lion.html
No catch, just proof. If you like it, the real version is R1,500 setup + R450/month and comes WhatsApp-ready. Want it to be yours? Reply SITECRAFT.",,no_phone
Tembisa,King Pie,fast_food,,https://thabs1234.github.io/sitecraft-sa/samples/townships/tembisa-king-pie.html,"Hi King Pie 👋 Thabang from SiteCraft SA here. I noticed a lot of Tembisa fast_food businesses aren't easy to find on Google — so I built you a FREE sample site to show what's possible: https://thabs1234.github.io/sitecraft-sa/samples/townships/tembisa-king-pie.html
No catch, just proof. If you like it, the real version is R1,500 setup + R450/month and comes WhatsApp-ready. Want it to be yours? Reply SITECRAFT.",,no_phone
Tembisa,McDonald's,fast_food,,https://thabs1234.github.io/sitecraft-sa/samples/townships/tembisa-mcdonald-s.html,"Hi McDonald's 👋 Thabang from SiteCraft SA here. I noticed a lot of Tembisa fast_food businesses aren't easy to find on Google — so I built you a FREE sample site to show what's possible: https://thabs1234.github.io/sitecraft-sa/samples/townships/tembisa-mcdonald-s.html
No catch, just proof. If you like it, the real version is R1,500 setup + R450/month and comes WhatsApp-ready. Want it to be yours? Reply SITECRAFT.",,no_phone
Tembisa,Engen,fuel,+27 11 924 0043,https://thabs1234.github.io/sitecraft-sa/samples/townships/tembisa-engen.html,"Hi Engen 👋 Thabang from SiteCraft SA here. I noticed a lot of Tembisa fuel businesses aren't easy to find on Google — so I built you a FREE sample site to show what's possible: https://thabs1234.github.io/sitecraft-sa/samples/townships/tembisa-engen.html
No catch, just proof. If you like it, the real version is R1,500 setup + R450/month and comes WhatsApp-ready. Want it to be yours? Reply SITECRAFT.",https://wa.me/27119240043?text=Hi%20Engen%20%F0%9F%91%8B%20Thabang%20from%20SiteCraft%20SA%20here.%20I%20noticed%20a%20lot%20of%20Tembisa%20fuel%20businesses%20aren%27t%20easy%20to%20find%20on%20Google%20%E2%80%94%20so%20I%20built%20you%20a%20FREE%20sample%20site%20to%20show%20what%27s%20possible%3A%20https%3A//thabs1234.github.io/sitecraft-sa/samples/townships/tembisa-engen.html%0ANo%20catch%2C%20just%20proof.%20If%20you%20like%20it%2C%20the%20real%20version%20is%20R1%2C500%20setup%20%2B%20R450/month%20and%20comes%20WhatsApp-ready.%20Want%20it%20to%20be%20yours%3F%20Reply%20SITECRAFT.,pending
Tembisa,Engen,fuel,+27 11 022 0847,https://thabs1234.github.io/sitecraft-sa/samples/townships/tembisa-engen.html,"Hi Engen 👋 Thabang from SiteCraft SA here. I noticed a lot of Tembisa fuel businesses aren't easy to find on Google — so I built you a FREE sample site to show what's possible: https://thabs1234.github.io/sitecraft-sa/samples/townships/tembisa-engen.html
No catch, just proof. If you like it, the real version is R1,500 setup + R450/month and comes WhatsApp-ready. Want it to be yours? Reply SITECRAFT.",https://wa.me/27110220847?text=Hi%20Engen%20%F0%9F%91%8B%20Thabang%20from%20SiteCraft%20SA%20here.%20I%20noticed%20a%20lot%20of%20Tembisa%20fuel%20businesses%20aren%27t%20easy%20to%20find%20on%20Google%20%E2%80%94%20so%20I%20built%20you%20a%20FREE%20sample%20site%20to%20show%20what%27s%20possible%3A%20https%3A//thabs1234.github.io/sitecraft-sa/samples/townships/tembisa-engen.html%0ANo%20catch%2C%20just%20proof.%20If%20you%20like%20it%2C%20the%20real%20version%20is%20R1%2C500%20setup%20%2B%20R450/month%20and%20comes%20WhatsApp-ready.%20Want%20it%20to%20be%20yours%3F%20Reply%20SITECRAFT.,pending
Tembisa,Ellerines,furniture,,https://thabs1234.github.io/sitecraft-sa/samples/townships/tembisa-ellerines.html,"Hi Ellerines 👋 Thabang from SiteCraft SA here. I noticed a lot of Tembisa furniture businesses aren't easy to find on Google — so I built you a FREE sample site to show what's possible: https://thabs1234.github.io/sitecraft-sa/samples/townships/tembisa-ellerines.html
No catch, just proof. If you like it, the real version is R1,500 setup + R450/month and comes WhatsApp-ready. Want it to be yours? Reply SITECRAFT.",,no_phone
Tembisa,FAB,furniture,,https://thabs1234.github.io/sitecraft-sa/samples/townships/tembisa-fab.html,"Hi FAB 👋 Thabang from SiteCraft SA here. I noticed a lot of Tembisa furniture businesses aren't easy to find on Google — so I built you a FREE sample site to show what's possible: https://thabs1234.github.io/sitecraft-sa/samples/townships/tembisa-fab.html
No catch, just proof. If you like it, the real version is R1,500 setup + R450/month and comes WhatsApp-ready. Want it to be yours? Reply SITECRAFT.",,no_phone
Tembisa,Lewis,furniture,,https://thabs1234.github.io/sitecraft-sa/samples/townships/tembisa-lewis.html,"Hi Lewis 👋 Thabang from SiteCraft SA here. I noticed a lot of Tembisa furniture businesses aren't easy to find on Google — so I built you a FREE sample site to show what's possible: https://thabs1234.github.io/sitecraft-sa/samples/townships/tembisa-lewis.html
No catch, just proof. If you like it, the real version is R1,500 setup + R450/month and comes WhatsApp-ready. Want it to be yours? Reply SITECRAFT.",,no_phone
Tembisa,OK,furniture,,https://thabs1234.github.io/sitecraft-sa/samples/townships/tembisa-ok.html,"Hi OK 👋 Thabang from SiteCraft SA here. I noticed a lot of Tembisa furniture businesses aren't easy to find on Google — so I built you a FREE sample site to show what's possible: https://thabs1234.github.io/sitecraft-sa/samples/townships/tembisa-ok.html
No catch, just proof. If you like it, the real version is R1,500 setup + R450/month and comes WhatsApp-ready. Want it to be yours? Reply SITECRAFT.",,no_phone
Tembisa,Price & Pride,furniture,,https://thabs1234.github.io/sitecraft-sa/samples/townships/tembisa-price-pride.html,"Hi Price & Pride 👋 Thabang from SiteCraft SA here. I noticed a lot of Tembisa furniture businesses aren't easy to find on Google — so I built you a FREE sample site to show what's possible: https://thabs1234.github.io/sitecraft-sa/samples/townships/tembisa-price-pride.html
No catch, just proof. If you like it, the real version is R1,500 setup + R450/month and comes WhatsApp-ready. Want it to be yours? Reply SITECRAFT.",,no_phone
Tembisa,Exclusive,hairdresser,,https://thabs1234.github.io/sitecraft-sa/samples/townships/tembisa-exclusive.html,"Hi Exclusive 👋 Thabang from SiteCraft SA here. I noticed a lot of Tembisa hairdresser businesses aren't easy to find on Google — so I built you a FREE sample site to show what's possible: https://thabs1234.github.io/sitecraft-sa/samples/townships/tembisa-exclusive.html
No catch, just proof. If you like it, the real version is R1,500 setup + R450/month and comes WhatsApp-ready. Want it to be yours? Reply SITECRAFT.",,no_phone
Tembisa,AA Hardware,hardware,,https://thabs1234.github.io/sitecraft-sa/samples/townships/tembisa-aa-hardware.html,"Hi AA Hardware 👋 Thabang from SiteCraft SA here. I noticed a lot of Tembisa hardware businesses aren't easy to find on Google — so I built you a FREE sample site to show what's possible: https://thabs1234.github.io/sitecraft-sa/samples/townships/tembisa-aa-hardware.html
No catch, just proof. If you like it, the real version is R1,500 setup + R450/month and comes WhatsApp-ready. Want it to be yours? Reply SITECRAFT.",,no_phone
Tembisa,Cashbuild,hardware,,https://thabs1234.github.io/sitecraft-sa/samples/townships/tembisa-cashbuild.html,"Hi Cashbuild 👋 Thabang from SiteCraft SA here. I noticed a lot of Tembisa hardware businesses aren't easy to find on Google — so I built you a FREE sample site to show what's possible: https://thabs1234.github.io/sitecraft-sa/samples/townships/tembisa-cashbuild.html
No catch, just proof. If you like it, the real version is R1,500 setup + R450/month and comes WhatsApp-ready. Want it to be yours? Reply SITECRAFT.",,no_phone
Tembisa,Old Mutual,insurance,,https://thabs1234.github.io/sitecraft-sa/samples/townships/tembisa-old-mutual.html,"Hi Old Mutual 👋 Thabang from SiteCraft SA here. I noticed a lot of Tembisa insurance businesses aren't easy to find on Google — so I built you a FREE sample site to show what's possible: https://thabs1234.github.io/sitecraft-sa/samples/townships/tembisa-old-mutual.html
No catch, just proof. If you like it, the real version is R1,500 setup + R450/month and comes WhatsApp-ready. Want it to be yours? Reply SITECRAFT.",,no_phone
Tembisa,Khuya Health Shop,pharmacy,,https://thabs1234.github.io/sitecraft-sa/samples/townships/tembisa-khuya-health-shop.html,"Hi Khuya Health Shop 👋 Thabang from SiteCraft SA here. I noticed a lot of Tembisa pharmacy businesses aren't easy to find on Google — so I built you a FREE sample site to show what's possible: https://thabs1234.github.io/sitecraft-sa/samples/townships/tembisa-khuya-health-shop.html
No catch, just proof. If you like it, the real version is R1,500 setup + R450/month and comes WhatsApp-ready. Want it to be yours? Reply SITECRAFT.",,no_phone
Tembisa,Wings,restaurant,,https://thabs1234.github.io/sitecraft-sa/samples/townships/tembisa-wings.html,"Hi Wings 👋 Thabang from SiteCraft SA here. I noticed a lot of Tembisa restaurant businesses aren't easy to find on Google — so I built you a FREE sample site to show what's possible: https://thabs1234.github.io/sitecraft-sa/samples/townships/tembisa-wings.html
No catch, just proof. If you like it, the real version is R1,500 setup + R450/month and comes WhatsApp-ready. Want it to be yours? Reply SITECRAFT.",,no_phone
Tembisa,City of Style,shoes,,https://thabs1234.github.io/sitecraft-sa/samples/townships/tembisa-city-of-style.html,"Hi City of Style 👋 Thabang from SiteCraft SA here. I noticed a lot of Tembisa shoes businesses aren't easy to find on Google — so I built you a FREE sample site to show what's possible: https://thabs1234.github.io/sitecraft-sa/samples/townships/tembisa-city-of-style.html
No catch, just proof. If you like it, the real version is R1,500 setup + R450/month and comes WhatsApp-ready. Want it to be yours? Reply SITECRAFT.",,no_phone
Tembisa,Lecoco,shoes,,https://thabs1234.github.io/sitecraft-sa/samples/townships/tembisa-lecoco.html,"Hi Lecoco 👋 Thabang from SiteCraft SA here. I noticed a lot of Tembisa shoes businesses aren't easy to find on Google — so I built you a FREE sample site to show what's possible: https://thabs1234.github.io/sitecraft-sa/samples/townships/tembisa-lecoco.html
No catch, just proof. If you like it, the real version is R1,500 setup + R450/month and comes WhatsApp-ready. Want it to be yours? Reply SITECRAFT.",,no_phone
Tembisa,Nizamo,supermarket,,https://thabs1234.github.io/sitecraft-sa/samples/townships/tembisa-nizamo.html,"Hi Nizamo 👋 Thabang from SiteCraft SA here. I noticed a lot of Tembisa supermarket businesses aren't easy to find on Google — so I built you a FREE sample site to show what's possible: https://thabs1234.github.io/sitecraft-sa/samples/townships/tembisa-nizamo.html
No catch, just proof. If you like it, the real version is R1,500 setup + R450/month and comes WhatsApp-ready. Want it to be yours? Reply SITECRAFT.",,no_phone
Tembisa,Panda,supermarket,,https://thabs1234.github.io/sitecraft-sa/samples/townships/tembisa-panda.html,"Hi Panda 👋 Thabang from SiteCraft SA here. I noticed a lot of Tembisa supermarket businesses aren't easy to find on Google — so I built you a FREE sample site to show what's possible: https://thabs1234.github.io/sitecraft-sa/samples/townships/tembisa-panda.html
No catch, just proof. If you like it, the real version is R1,500 setup + R450/month and comes WhatsApp-ready. Want it to be yours? Reply SITECRAFT.",,no_phone
Tembisa,Pick 'n Pay,supermarket,,https://thabs1234.github.io/sitecraft-sa/samples/townships/tembisa-pick-n-pay.html,"Hi Pick 'n Pay 👋 Thabang from SiteCraft SA here. I noticed a lot of Tembisa supermarket businesses aren't easy to find on Google — so I built you a FREE sample site to show what's possible: https://thabs1234.github.io/sitecraft-sa/samples/townships/tembisa-pick-n-pay.html
No catch, just proof. If you like it, the real version is R1,500 setup + R450/month and comes WhatsApp-ready. Want it to be yours? Reply SITECRAFT.",,no_phone
Tembisa,Pick 'n Save,supermarket,,https://thabs1234.github.io/sitecraft-sa/samples/townships/tembisa-pick-n-save.html,"Hi Pick 'n Save 👋 Thabang from SiteCraft SA here. I noticed a lot of Tembisa supermarket businesses aren't easy to find on Google — so I built you a FREE sample site to show what's possible: https://thabs1234.github.io/sitecraft-sa/samples/townships/tembisa-pick-n-save.html
No catch, just proof. If you like it, the real version is R1,500 setup + R450/month and comes WhatsApp-ready. Want it to be yours? Reply SITECRAFT.",,no_phone
